scenario_id,arm,checkpoint,G,S,outcome,reference_feasible,pool_size,oracle_witness_correct,oracle_witness_outcome,any_candidate_selected_plan_correct,candidate_count,parsed,logical_tokens,logical_calls,generation_tokens,validation_tokens,judgments,final_plan_id,oracle_plan_id
sampling-00,A,2,True,True,correct_feasible_plan,True,128,True,correct_feasible_plan,True,1,2,4792,2,4792,0,0,100f8a54cc5f997b0ff6,100f8a54cc5f997b0ff6
sampling-00,A,4,True,True,correct_feasible_plan,True,128,True,correct_feasible_plan,True,1,4,9584,4,9584,0,0,100f8a54cc5f997b0ff6,100f8a54cc5f997b0ff6
sampling-00,A,8,True,True,correct_feasible_plan,True,128,True,correct_feasible_plan,True,1,8,19156,8,19156,0,0,100f8a54cc5f997b0ff6,100f8a54cc5f997b0ff6
sampling-00,B,2,True,True,correct_feasible_plan,True,128,True,correct_feasible_plan,True,1,2,4792,2,4792,0,0,100f8a54cc5f997b0ff6,100f8a54cc5f997b0ff6
sampling-00,B,4,True,True,correct_feasible_plan,True,128,True,correct_feasible_plan,True,1,4,9635,4,9635,0,0,100f8a54cc5f997b0ff6,100f8a54cc5f997b0ff6
sampling-00,B,8,True,True,correct_feasible_plan,True,128,True,correct_feasible_plan,True,1,8,19344,8,19344,0,0,100f8a54cc5f997b0ff6,100f8a54cc5f997b0ff6
sampling-00,C,2,True,True,correct_feasible_plan,True,128,True,correct_feasible_plan,True,1,2,4792,2,4792,0,0,100f8a54cc5f997b0ff6,100f8a54cc5f997b0ff6
sampling-00,C,4,True,True,correct_feasible_plan,True,128,True,correct_feasible_plan,True,1,4,11638,4,11638,0,0,100f8a54cc5f997b0ff6,100f8a54cc5f997b0ff6
sampling-00,C,8,True,True,correct_feasible_plan,True,128,True,correct_feasible_plan,True,1,8,25389,8,25389,0,0,100f8a54cc5f997b0ff6,100f8a54cc5f997b0ff6
sampling-01,A,2,False,False,incorrect_plan,True,128,False,incorrect_plan,False,1,2,4610,2,4610,0,0,da693b4b5e334788dbb1,da693b4b5e334788dbb1
sampling-01,A,4,True,True,correct_feasible_plan,True,128,True,correct_feasible_plan,True,2,4,9818,5,9214,604,1,7d36ae93bd542cb03d9b,7d36ae93bd542cb03d9b
sampling-01,A,8,True,True,correct_feasible_plan,True,128,True,correct_feasible_plan,True,2,8,19038,9,18434,604,1,7d36ae93bd542cb03d9b,7d36ae93bd542cb03d9b
sampling-01,B,2,False,False,incorrect_plan,True,128,False,incorrect_plan,False,1,2,4610,2,4610,0,0,da693b4b5e334788dbb1,da693b4b5e334788dbb1
sampling-01,B,4,False,False,incorrect_plan,True,128,False,incorrect_plan,False,1,4,9265,4,9265,0,0,da693b4b5e334788dbb1,da693b4b5e334788dbb1
sampling-01,B,8,True,True,correct_feasible_plan,True,128,True,correct_feasible_plan,True,2,8,19292,9,18688,604,1,7d36ae93bd542cb03d9b,7d36ae93bd542cb03d9b
sampling-01,C,2,False,False,incorrect_plan,True,128,False,incorrect_plan,False,1,2,4610,2,4610,0,0,da693b4b5e334788dbb1,da693b4b5e334788dbb1
sampling-01,C,4,False,False,incorrect_plan,True,128,False,incorrect_plan,False,1,4,10710,4,10710,0,0,da693b4b5e334788dbb1,da693b4b5e334788dbb1
sampling-01,C,8,False,False,incorrect_plan,True,128,False,incorrect_plan,False,1,8,22981,8,22981,0,0,da693b4b5e334788dbb1,da693b4b5e334788dbb1
sampling-02,A,2,True,True,correct_feasible_plan,True,128,True,correct_feasible_plan,True,1,2,4770,2,4770,0,0,026bb5310beaccf1c713,026bb5310beaccf1c713
sampling-02,A,4,True,True,correct_feasible_plan,True,128,True,correct_feasible_plan,True,1,4,9540,4,9540,0,0,026bb5310beaccf1c713,026bb5310beaccf1c713
sampling-02,A,8,True,True,correct_feasible_plan,True,128,True,correct_feasible_plan,True,1,8,19078,8,19078,0,0,026bb5310beaccf1c713,026bb5310beaccf1c713
sampling-02,B,2,True,True,correct_feasible_plan,True,128,True,correct_feasible_plan,True,1,2,4770,2,4770,0,0,026bb5310beaccf1c713,026bb5310beaccf1c713
sampling-02,B,4,True,True,correct_feasible_plan,True,128,True,correct_feasible_plan,True,1,4,9591,4,9591,0,0,026bb5310beaccf1c713,026bb5310beaccf1c713
sampling-02,B,8,True,True,correct_feasible_plan,True,128,True,correct_feasible_plan,True,1,8,19255,8,19255,0,0,026bb5310beaccf1c713,026bb5310beaccf1c713
sampling-02,C,2,True,True,correct_feasible_plan,True,128,True,correct_feasible_plan,True,1,2,4770,2,4770,0,0,026bb5310beaccf1c713,026bb5310beaccf1c713
sampling-02,C,4,True,True,correct_feasible_plan,True,128,True,correct_feasible_plan,True,1,4,11492,4,11492,0,0,026bb5310beaccf1c713,026bb5310beaccf1c713
sampling-02,C,8,True,True,correct_feasible_plan,True,128,True,correct_feasible_plan,True,1,8,24995,8,24995,0,0,026bb5310beaccf1c713,026bb5310beaccf1c713
sampling-03,A,2,True,True,correct_feasible_plan,True,128,True,correct_feasible_plan,True,1,2,4794,2,4794,0,0,0c21f694807c4ce000bb,0c21f694807c4ce000bb
sampling-03,A,4,True,True,correct_feasible_plan,True,128,True,correct_feasible_plan,True,1,4,9588,4,9588,0,0,0c21f694807c4ce000bb,0c21f694807c4ce000bb
sampling-03,A,8,True,True,correct_feasible_plan,True,128,True,correct_feasible_plan,True,1,8,19164,8,19164,0,0,0c21f694807c4ce000bb,0c21f694807c4ce000bb
sampling-03,B,2,True,True,correct_feasible_plan,True,128,True,correct_feasible_plan,True,1,2,4794,2,4794,0,0,0c21f694807c4ce000bb,0c21f694807c4ce000bb
sampling-03,B,4,True,True,correct_feasible_plan,True,128,True,correct_feasible_plan,True,1,4,9639,4,9639,0,0,0c21f694807c4ce000bb,0c21f694807c4ce000bb
sampling-03,B,8,True,True,correct_feasible_plan,True,128,True,correct_feasible_plan,True,1,8,19352,8,19352,0,0,0c21f694807c4ce000bb,0c21f694807c4ce000bb
sampling-03,C,2,True,True,correct_feasible_plan,True,128,True,correct_feasible_plan,True,1,2,4794,2,4794,0,0,0c21f694807c4ce000bb,0c21f694807c4ce000bb
sampling-03,C,4,True,True,correct_feasible_plan,True,128,True,correct_feasible_plan,True,1,4,11602,4,11602,0,0,0c21f694807c4ce000bb,0c21f694807c4ce000bb
sampling-03,C,8,True,True,correct_feasible_plan,True,128,True,correct_feasible_plan,True,1,8,25277,8,25277,0,0,0c21f694807c4ce000bb,0c21f694807c4ce000bb
sampling-04,A,2,False,False,incorrect_plan,True,128,False,incorrect_plan,False,2,2,5268,3,4622,646,1,165f1c1bea66ae5d1e6f,165f1c1bea66ae5d1e6f
sampling-04,A,4,True,True,correct_feasible_plan,True,128,True,correct_feasible_plan,True,4,4,10536,6,9244,1292,2,16b01de6a4f2c3a6c565,16b01de6a4f2c3a6c565
sampling-04,A,8,True,True,correct_feasible_plan,True,128,True,correct_feasible_plan,True,5,8,19780,10,18488,1292,2,16b01de6a4f2c3a6c565,16b01de6a4f2c3a6c565
sampling-04,B,2,False,False,incorrect_plan,True,128,False,incorrect_plan,False,2,2,5268,3,4622,646,1,165f1c1bea66ae5d1e6f,165f1c1bea66ae5d1e6f
sampling-04,B,4,False,True,correct_feasible_plan,True,128,False,incorrect_plan,True,3,4,9940,5,9295,645,1,5d3d9dc34471502c76c6,165f1c1bea66ae5d1e6f
sampling-04,B,8,True,True,correct_feasible_plan,True,128,True,correct_feasible_plan,True,4,8,20094,10,18802,1292,2,16b01de6a4f2c3a6c565,16b01de6a4f2c3a6c565
sampling-04,C,2,False,False,incorrect_plan,True,128,False,incorrect_plan,False,2,2,5268,3,4622,646,1,165f1c1bea66ae5d1e6f,165f1c1bea66ae5d1e6f
sampling-04,C,4,False,False,incorrect_plan,True,128,False,incorrect_plan,False,2,4,11834,5,11188,646,1,165f1c1bea66ae5d1e6f,165f1c1bea66ae5d1e6f
sampling-04,C,8,False,False,incorrect_plan,True,128,False,incorrect_plan,False,2,8,25025,9,24379,646,1,165f1c1bea66ae5d1e6f,165f1c1bea66ae5d1e6f
sampling-05,A,2,True,True,correct_feasible_plan,True,128,True,correct_feasible_plan,True,1,2,4774,2,4774,0,0,004378944cab473ce6e0,004378944cab473ce6e0
sampling-05,A,4,True,True,correct_feasible_plan,True,128,True,correct_feasible_plan,True,1,4,9548,4,9548,0,0,004378944cab473ce6e0,004378944cab473ce6e0
sampling-05,A,8,True,True,correct_feasible_plan,True,128,True,correct_feasible_plan,True,1,8,19096,8,19096,0,0,004378944cab473ce6e0,004378944cab473ce6e0
sampling-05,B,2,True,True,correct_feasible_plan,True,128,True,correct_feasible_plan,True,1,2,4774,2,4774,0,0,004378944cab473ce6e0,004378944cab473ce6e0
sampling-05,B,4,True,True,correct_feasible_plan,True,128,True,correct_feasible_plan,True,1,4,9599,4,9599,0,0,004378944cab473ce6e0,004378944cab473ce6e0
sampling-05,B,8,True,True,correct_feasible_plan,True,128,True,correct_feasible_plan,True,1,7,19444,8,19444,0,0,004378944cab473ce6e0,004378944cab473ce6e0
sampling-05,C,2,True,True,correct_feasible_plan,True,128,True,correct_feasible_plan,True,1,2,4774,2,4774,0,0,004378944cab473ce6e0,004378944cab473ce6e0
sampling-05,C,4,True,True,correct_feasible_plan,True,128,True,correct_feasible_plan,True,1,4,11274,4,11274,0,0,004378944cab473ce6e0,004378944cab473ce6e0
sampling-05,C,8,True,True,correct_feasible_plan,True,128,True,correct_feasible_plan,True,1,8,24333,8,24333,0,0,004378944cab473ce6e0,004378944cab473ce6e0
sampling-06,A,2,True,True,correct_feasible_plan,True,256,True,correct_feasible_plan,True,1,2,4998,2,4998,0,0,08b559a78fe7685e89f2,08b559a78fe7685e89f2
sampling-06,A,4,True,True,correct_feasible_plan,True,256,True,correct_feasible_plan,True,1,4,9996,4,9996,0,0,08b559a78fe7685e89f2,08b559a78fe7685e89f2
sampling-06,A,8,True,True,correct_feasible_plan,True,256,True,correct_feasible_plan,True,1,8,20010,8,20010,0,0,08b559a78fe7685e89f2,08b559a78fe7685e89f2
sampling-06,B,2,True,True,correct_feasible_plan,True,256,True,correct_feasible_plan,True,1,2,4998,2,4998,0,0,08b559a78fe7685e89f2,08b559a78fe7685e89f2
sampling-06,B,4,True,True,correct_feasible_plan,True,256,True,correct_feasible_plan,True,1,4,10047,4,10047,0,0,08b559a78fe7685e89f2,08b559a78fe7685e89f2
sampling-06,B,8,True,True,correct_feasible_plan,True,256,True,correct_feasible_plan,True,1,8,20254,8,20254,0,0,08b559a78fe7685e89f2,08b559a78fe7685e89f2
sampling-06,C,2,True,True,correct_feasible_plan,True,256,True,correct_feasible_plan,True,1,2,4998,2,4998,0,0,08b559a78fe7685e89f2,08b559a78fe7685e89f2
sampling-06,C,4,True,True,correct_feasible_plan,True,256,True,correct_feasible_plan,True,1,4,12138,4,12138,0,0,08b559a78fe7685e89f2,08b559a78fe7685e89f2
sampling-06,C,8,True,True,correct_feasible_plan,True,256,True,correct_feasible_plan,True,1,8,26465,8,26465,0,0,08b559a78fe7685e89f2,08b559a78fe7685e89f2
sampling-07,A,2,True,True,correct_infeasibility,False,128,True,correct_infeasibility,True,1,2,4792,2,4792,0,0,,
sampling-07,A,4,True,True,correct_infeasibility,False,128,True,correct_infeasibility,True,1,4,9572,4,9572,0,0,,
sampling-07,A,8,True,True,correct_infeasibility,False,128,True,correct_infeasibility,True,1,8,19144,8,19144,0,0,,
sampling-07,B,2,True,True,correct_infeasibility,False,128,True,correct_infeasibility,True,1,2,4792,2,4792,0,0,,
sampling-07,B,4,True,True,correct_infeasibility,False,128,True,correct_infeasibility,True,1,4,9635,4,9635,0,0,,
sampling-07,B,8,True,True,correct_infeasibility,False,128,True,correct_infeasibility,True,1,8,19332,8,19332,0,0,,
sampling-07,C,2,True,True,correct_infeasibility,False,128,True,correct_infeasibility,True,1,2,4792,2,4792,0,0,,
sampling-07,C,4,True,True,correct_infeasibility,False,128,True,correct_infeasibility,True,1,4,11400,4,11400,0,0,,
sampling-07,C,8,True,True,correct_infeasibility,False,128,True,correct_infeasibility,True,1,8,24699,8,24699,0,0,,
sampling-08,A,2,True,True,correct_feasible_plan,True,128,True,correct_feasible_plan,True,1,2,4796,2,4796,0,0,1f93e74ba495f478708d,1f93e74ba495f478708d
sampling-08,A,4,True,True,correct_feasible_plan,True,128,True,correct_feasible_plan,True,1,4,9592,4,9592,0,0,1f93e74ba495f478708d,1f93e74ba495f478708d
sampling-08,A,8,True,True,correct_feasible_plan,True,128,True,correct_feasible_plan,True,1,8,19172,8,19172,0,0,1f93e74ba495f478708d,1f93e74ba495f478708d
sampling-08,B,2,True,True,correct_feasible_plan,True,128,True,correct_feasible_plan,True,1,2,4796,2,4796,0,0,1f93e74ba495f478708d,1f93e74ba495f478708d
sampling-08,B,4,True,True,correct_feasible_plan,True,128,True,correct_feasible_plan,True,1,4,9643,4,9643,0,0,1f93e74ba495f478708d,1f93e74ba495f478708d
sampling-08,B,8,True,True,correct_feasible_plan,True,128,True,correct_feasible_plan,True,1,8,19348,8,19348,0,0,1f93e74ba495f478708d,1f93e74ba495f478708d
sampling-08,C,2,True,True,correct_feasible_plan,True,128,True,correct_feasible_plan,True,1,2,4796,2,4796,0,0,1f93e74ba495f478708d,1f93e74ba495f478708d
sampling-08,C,4,True,True,correct_feasible_plan,True,128,True,correct_feasible_plan,True,1,4,11442,4,11442,0,0,1f93e74ba495f478708d,1f93e74ba495f478708d
sampling-08,C,8,True,True,correct_feasible_plan,True,128,True,correct_feasible_plan,True,1,8,24793,8,24793,0,0,1f93e74ba495f478708d,1f93e74ba495f478708d
sampling-09,A,2,True,True,correct_feasible_plan,True,128,True,correct_feasible_plan,True,2,2,5348,3,4701,647,1,2a55a1f9b1448a6f5ed6,2a55a1f9b1448a6f5ed6
sampling-09,A,4,True,True,correct_feasible_plan,True,128,True,correct_feasible_plan,True,3,4,10061,5,9414,647,1,2a55a1f9b1448a6f5ed6,2a55a1f9b1448a6f5ed6
sampling-09,A,8,True,True,correct_feasible_plan,True,128,True,correct_feasible_plan,True,3,8,19379,9,18732,647,1,2a55a1f9b1448a6f5ed6,2a55a1f9b1448a6f5ed6
sampling-09,B,2,True,True,correct_feasible_plan,True,128,True,correct_feasible_plan,True,2,2,5348,3,4701,647,1,2a55a1f9b1448a6f5ed6,2a55a1f9b1448a6f5ed6
sampling-09,B,4,True,False,incorrect_plan,True,128,True,correct_feasible_plan,True,4,4,10653,6,9366,1287,2,1d8f417162ac3b41c7e3,2a55a1f9b1448a6f5ed6
sampling-09,B,8,True,True,correct_feasible_plan,True,128,True,correct_feasible_plan,True,5,8,20138,10,18849,1289,2,2a55a1f9b1448a6f5ed6,2a55a1f9b1448a6f5ed6
sampling-09,C,2,True,True,correct_feasible_plan,True,128,True,correct_feasible_plan,True,2,2,5348,3,4701,647,1,2a55a1f9b1448a6f5ed6,2a55a1f9b1448a6f5ed6
sampling-09,C,4,True,True,correct_feasible_plan,True,128,True,correct_feasible_plan,True,2,4,12222,5,11575,647,1,2a55a1f9b1448a6f5ed6,2a55a1f9b1448a6f5ed6
sampling-09,C,8,True,True,correct_feasible_plan,True,128,True,correct_feasible_plan,True,2,8,26063,9,25416,647,1,2a55a1f9b1448a6f5ed6,2a55a1f9b1448a6f5ed6
sampling-10,A,2,True,True,correct_feasible_plan,True,128,True,correct_feasible_plan,True,1,2,4766,2,4766,0,0,216da3d5a22139ff47be,216da3d5a22139ff47be
sampling-10,A,4,True,True,correct_feasible_plan,True,128,True,correct_feasible_plan,True,1,4,9532,4,9532,0,0,216da3d5a22139ff47be,216da3d5a22139ff47be
sampling-10,A,8,True,True,correct_feasible_plan,True,128,True,correct_feasible_plan,True,1,8,19064,8,19064,0,0,216da3d5a22139ff47be,216da3d5a22139ff47be
sampling-10,B,2,True,True,correct_feasible_plan,True,128,True,correct_feasible_plan,True,1,2,4766,2,4766,0,0,216da3d5a22139ff47be,216da3d5a22139ff47be
sampling-10,B,4,True,True,correct_feasible_plan,True,128,True,correct_feasible_plan,True,1,4,9583,4,9583,0,0,216da3d5a22139ff47be,216da3d5a22139ff47be
sampling-10,B,8,True,True,correct_feasible_plan,True,128,True,correct_feasible_plan,True,1,8,19228,8,19228,0,0,216da3d5a22139ff47be,216da3d5a22139ff47be
sampling-10,C,2,True,True,correct_feasible_plan,True,128,True,correct_feasible_plan,True,1,2,4766,2,4766,0,0,216da3d5a22139ff47be,216da3d5a22139ff47be
sampling-10,C,4,True,True,correct_feasible_plan,True,128,True,correct_feasible_plan,True,1,4,11398,4,11398,0,0,216da3d5a22139ff47be,216da3d5a22139ff47be
sampling-10,C,8,True,True,correct_feasible_plan,True,128,True,correct_feasible_plan,True,1,8,24721,8,24721,0,0,216da3d5a22139ff47be,216da3d5a22139ff47be
sampling-11,A,2,True,True,correct_feasible_plan,True,128,True,correct_feasible_plan,True,1,2,4796,2,4796,0,0,016f88d5e5c2eaa7cf61,016f88d5e5c2eaa7cf61
sampling-11,A,4,True,True,correct_feasible_plan,True,128,True,correct_feasible_plan,True,1,4,9580,4,9580,0,0,016f88d5e5c2eaa7cf61,016f88d5e5c2eaa7cf61
sampling-11,A,8,True,True,correct_feasible_plan,True,128,True,correct_feasible_plan,True,1,8,19148,8,19148,0,0,016f88d5e5c2eaa7cf61,016f88d5e5c2eaa7cf61
sampling-11,B,2,True,True,correct_feasible_plan,True,128,True,correct_feasible_plan,True,1,2,4796,2,4796,0,0,016f88d5e5c2eaa7cf61,016f88d5e5c2eaa7cf61
sampling-11,B,4,True,True,correct_feasible_plan,True,128,True,correct_feasible_plan,True,1,4,9631,4,9631,0,0,016f88d5e5c2eaa7cf61,016f88d5e5c2eaa7cf61
sampling-11,B,8,True,True,correct_feasible_plan,True,128,True,correct_feasible_plan,True,1,8,19348,8,19348,0,0,016f88d5e5c2eaa7cf61,016f88d5e5c2eaa7cf61
sampling-11,C,2,True,True,correct_feasible_plan,True,128,True,correct_feasible_plan,True,1,2,4796,2,4796,0,0,016f88d5e5c2eaa7cf61,016f88d5e5c2eaa7cf61
sampling-11,C,4,True,True,correct_feasible_plan,True,128,True,correct_feasible_plan,True,1,4,11678,4,11678,0,0,016f88d5e5c2eaa7cf61,016f88d5e5c2eaa7cf61
sampling-11,C,8,True,True,correct_feasible_plan,True,128,True,correct_feasible_plan,True,1,8,25501,8,25501,0,0,016f88d5e5c2eaa7cf61,016f88d5e5c2eaa7cf61
sampling-12,A,2,False,False,incorrect_plan,True,128,False,incorrect_plan,False,1,2,4620,2,4620,0,0,3d2ac4bc9b683d64bff9,3d2ac4bc9b683d64bff9
sampling-12,A,4,False,False,incorrect_plan,True,128,False,incorrect_plan,False,1,4,9240,4,9240,0,0,3d2ac4bc9b683d64bff9,3d2ac4bc9b683d64bff9
sampling-12,A,8,False,False,incorrect_plan,True,128,False,incorrect_plan,False,2,8,19174,9,18480,694,1,3d2ac4bc9b683d64bff9,3d2ac4bc9b683d64bff9
sampling-12,B,2,False,False,incorrect_plan,True,128,False,incorrect_plan,False,1,2,4620,2,4620,0,0,3d2ac4bc9b683d64bff9,3d2ac4bc9b683d64bff9
sampling-12,B,4,False,False,incorrect_plan,True,128,False,incorrect_plan,False,1,4,9291,4,9291,0,0,3d2ac4bc9b683d64bff9,3d2ac4bc9b683d64bff9
sampling-12,B,8,True,False,incorrect_plan,True,128,True,correct_feasible_plan,True,4,8,20146,10,18746,1400,2,3d2ac4bc9b683d64bff9,23dc77966eb67609fd49
sampling-12,C,2,False,False,incorrect_plan,True,128,False,incorrect_plan,False,1,2,4620,2,4620,0,0,3d2ac4bc9b683d64bff9,3d2ac4bc9b683d64bff9
sampling-12,C,4,False,False,incorrect_plan,True,128,False,incorrect_plan,False,1,4,11116,4,11116,0,0,3d2ac4bc9b683d64bff9,3d2ac4bc9b683d64bff9
sampling-12,C,8,False,False,incorrect_plan,True,128,False,incorrect_plan,False,1,8,24167,8,24167,0,0,3d2ac4bc9b683d64bff9,3d2ac4bc9b683d64bff9
sampling-13,A,2,True,True,correct_feasible_plan,True,128,True,correct_feasible_plan,True,1,2,4762,2,4762,0,0,8b8de0b67e6c4366c86d,8b8de0b67e6c4366c86d
sampling-13,A,4,True,True,correct_feasible_plan,True,128,True,correct_feasible_plan,True,1,4,9524,4,9524,0,0,8b8de0b67e6c4366c86d,8b8de0b67e6c4366c86d
sampling-13,A,8,True,True,correct_feasible_plan,True,128,True,correct_feasible_plan,True,1,8,19048,8,19048,0,0,8b8de0b67e6c4366c86d,8b8de0b67e6c4366c86d
sampling-13,B,2,True,True,correct_feasible_plan,True,128,True,correct_feasible_plan,True,1,2,4762,2,4762,0,0,8b8de0b67e6c4366c86d,8b8de0b67e6c4366c86d
sampling-13,B,4,True,True,correct_feasible_plan,True,128,True,correct_feasible_plan,True,1,4,9575,4,9575,0,0,8b8de0b67e6c4366c86d,8b8de0b67e6c4366c86d
sampling-13,B,8,True,True,correct_feasible_plan,True,128,True,correct_feasible_plan,True,1,8,19212,8,19212,0,0,8b8de0b67e6c4366c86d,8b8de0b67e6c4366c86d
sampling-13,C,2,True,True,correct_feasible_plan,True,128,True,correct_feasible_plan,True,1,2,4762,2,4762,0,0,8b8de0b67e6c4366c86d,8b8de0b67e6c4366c86d
sampling-13,C,4,True,True,correct_feasible_plan,True,128,True,correct_feasible_plan,True,1,4,11388,4,11388,0,0,8b8de0b67e6c4366c86d,8b8de0b67e6c4366c86d
sampling-13,C,8,True,True,correct_feasible_plan,True,128,True,correct_feasible_plan,True,1,8,24699,8,24699,0,0,8b8de0b67e6c4366c86d,8b8de0b67e6c4366c86d
sampling-14,A,2,True,True,correct_feasible_plan,True,256,True,correct_feasible_plan,True,1,2,4986,2,4986,0,0,086605430a93acf85952,086605430a93acf85952
sampling-14,A,4,True,True,correct_feasible_plan,True,256,True,correct_feasible_plan,True,1,4,9984,4,9984,0,0,086605430a93acf85952,086605430a93acf85952
sampling-14,A,8,True,True,correct_feasible_plan,True,256,True,correct_feasible_plan,True,1,8,20003,8,20003,0,0,086605430a93acf85952,086605430a93acf85952
sampling-14,B,2,True,True,correct_feasible_plan,True,256,True,correct_feasible_plan,True,1,2,4986,2,4986,0,0,086605430a93acf85952,086605430a93acf85952
sampling-14,B,4,True,True,correct_feasible_plan,True,256,True,correct_feasible_plan,True,1,4,10023,4,10023,0,0,086605430a93acf85952,086605430a93acf85952
sampling-14,B,8,True,True,correct_feasible_plan,True,256,True,correct_feasible_plan,True,1,8,20123,8,20123,0,0,086605430a93acf85952,086605430a93acf85952
sampling-14,C,2,True,True,correct_feasible_plan,True,256,True,correct_feasible_plan,True,1,2,4986,2,4986,0,0,086605430a93acf85952,086605430a93acf85952
sampling-14,C,4,True,True,correct_feasible_plan,True,256,True,correct_feasible_plan,True,1,4,12194,4,12194,0,0,086605430a93acf85952,086605430a93acf85952
sampling-14,C,8,True,True,correct_feasible_plan,True,256,True,correct_feasible_plan,True,1,8,26657,8,26657,0,0,086605430a93acf85952,086605430a93acf85952
sampling-15,A,2,True,True,correct_infeasibility,False,128,True,correct_infeasibility,True,1,2,4802,2,4802,0,0,,
sampling-15,A,4,True,True,correct_infeasibility,False,128,True,correct_infeasibility,True,1,4,9592,4,9592,0,0,,
sampling-15,A,8,True,True,correct_infeasibility,False,128,True,correct_infeasibility,True,1,8,19172,8,19172,0,0,,
sampling-15,B,2,True,True,correct_infeasibility,False,128,True,correct_infeasibility,True,1,2,4802,2,4802,0,0,,
sampling-15,B,4,True,True,correct_infeasibility,False,128,True,correct_infeasibility,True,1,4,9643,4,9643,0,0,,
sampling-15,B,8,True,True,correct_infeasibility,False,128,True,correct_infeasibility,True,1,8,19360,8,19360,0,0,,
sampling-15,C,2,True,True,correct_infeasibility,False,128,True,correct_infeasibility,True,1,2,4802,2,4802,0,0,,
sampling-15,C,4,True,True,correct_infeasibility,False,128,True,correct_infeasibility,True,1,4,11520,4,11520,0,0,,
sampling-15,C,8,True,True,correct_infeasibility,False,128,True,correct_infeasibility,True,1,8,25015,8,25015,0,0,,
sampling-16,A,2,True,True,correct_feasible_plan,True,128,True,correct_feasible_plan,True,1,2,4790,2,4790,0,0,20efb73d57627c21710b,20efb73d57627c21710b
sampling-16,A,4,True,True,correct_feasible_plan,True,128,True,correct_feasible_plan,True,1,4,9580,4,9580,0,0,20efb73d57627c21710b,20efb73d57627c21710b
sampling-16,A,8,True,True,correct_feasible_plan,True,128,True,correct_feasible_plan,True,1,8,19148,8,19148,0,0,20efb73d57627c21710b,20efb73d57627c21710b
sampling-16,B,2,True,True,correct_feasible_plan,True,128,True,correct_feasible_plan,True,1,2,4790,2,4790,0,0,20efb73d57627c21710b,20efb73d57627c21710b
sampling-16,B,4,True,True,correct_feasible_plan,True,128,True,correct_feasible_plan,True,1,4,9631,4,9631,0,0,20efb73d57627c21710b,20efb73d57627c21710b
sampling-16,B,8,True,True,correct_feasible_plan,True,128,True,correct_feasible_plan,True,1,8,19324,8,19324,0,0,20efb73d57627c21710b,20efb73d57627c21710b
sampling-16,C,2,True,True,correct_feasible_plan,True,128,True,correct_feasible_plan,True,1,2,4790,2,4790,0,0,20efb73d57627c21710b,20efb73d57627c21710b
sampling-16,C,4,True,True,correct_feasible_plan,True,128,True,correct_feasible_plan,True,1,4,11480,4,11480,0,0,20efb73d57627c21710b,20efb73d57627c21710b
sampling-16,C,8,True,True,correct_feasible_plan,True,128,True,correct_feasible_plan,True,1,8,24919,8,24919,0,0,20efb73d57627c21710b,20efb73d57627c21710b
sampling-17,A,2,False,False,incorrect_plan,True,128,False,incorrect_plan,False,1,2,4624,2,4624,0,0,2e2fdb4f3676551d9d3c,2e2fdb4f3676551d9d3c
sampling-17,A,4,False,False,incorrect_plan,True,128,False,incorrect_plan,False,1,4,9248,4,9248,0,0,2e2fdb4f3676551d9d3c,2e2fdb4f3676551d9d3c
sampling-17,A,8,False,False,incorrect_plan,True,128,False,incorrect_plan,False,1,8,18496,8,18496,0,0,2e2fdb4f3676551d9d3c,2e2fdb4f3676551d9d3c
sampling-17,B,2,False,False,incorrect_plan,True,128,False,incorrect_plan,False,1,2,4624,2,4624,0,0,2e2fdb4f3676551d9d3c,2e2fdb4f3676551d9d3c
sampling-17,B,4,False,False,incorrect_plan,True,128,False,incorrect_plan,False,1,4,9299,4,9299,0,0,2e2fdb4f3676551d9d3c,2e2fdb4f3676551d9d3c
sampling-17,B,8,True,True,correct_feasible_plan,True,128,True,correct_feasible_plan,True,3,8,19587,9,18762,825,1,0bc301adca044bf1791d,0bc301adca044bf1791d
sampling-17,C,2,False,False,incorrect_plan,True,128,False,incorrect_plan,False,1,2,4624,2,4624,0,0,2e2fdb4f3676551d9d3c,2e2fdb4f3676551d9d3c
sampling-17,C,4,False,False,incorrect_plan,True,128,False,incorrect_plan,False,1,4,11360,4,11360,0,0,2e2fdb4f3676551d9d3c,2e2fdb4f3676551d9d3c
sampling-17,C,8,False,False,incorrect_plan,True,128,False,incorrect_plan,False,1,8,24891,8,24891,0,0,2e2fdb4f3676551d9d3c,2e2fdb4f3676551d9d3c
sampling-18,A,2,True,True,correct_feasible_plan,True,128,True,correct_feasible_plan,True,1,2,4766,2,4766,0,0,c6ec2c351db0fae89330,c6ec2c351db0fae89330
sampling-18,A,4,True,True,correct_feasible_plan,True,128,True,correct_feasible_plan,True,1,4,9532,4,9532,0,0,c6ec2c351db0fae89330,c6ec2c351db0fae89330
sampling-18,A,8,True,True,correct_feasible_plan,True,128,True,correct_feasible_plan,True,1,8,19064,8,19064,0,0,c6ec2c351db0fae89330,c6ec2c351db0fae89330
sampling-18,B,2,True,True,correct_feasible_plan,True,128,True,correct_feasible_plan,True,1,2,4766,2,4766,0,0,c6ec2c351db0fae89330,c6ec2c351db0fae89330
sampling-18,B,4,True,True,correct_feasible_plan,True,128,True,correct_feasible_plan,True,1,4,9583,4,9583,0,0,c6ec2c351db0fae89330,c6ec2c351db0fae89330
sampling-18,B,8,True,True,correct_feasible_plan,True,128,True,correct_feasible_plan,True,1,8,19228,8,19228,0,0,c6ec2c351db0fae89330,c6ec2c351db0fae89330
sampling-18,C,2,True,True,correct_feasible_plan,True,128,True,correct_feasible_plan,True,1,2,4766,2,4766,0,0,c6ec2c351db0fae89330,c6ec2c351db0fae89330
sampling-18,C,4,True,True,correct_feasible_plan,True,128,True,correct_feasible_plan,True,1,4,11102,4,11102,0,0,c6ec2c351db0fae89330,c6ec2c351db0fae89330
sampling-18,C,8,True,True,correct_feasible_plan,True,128,True,correct_feasible_plan,True,1,8,23833,8,23833,0,0,c6ec2c351db0fae89330,c6ec2c351db0fae89330
sampling-19,A,2,True,True,correct_feasible_plan,True,128,True,correct_feasible_plan,True,1,2,4788,2,4788,0,0,0ac5ca3fc57c9793213d,0ac5ca3fc57c9793213d
sampling-19,A,4,True,True,correct_feasible_plan,True,128,True,correct_feasible_plan,True,1,4,9576,4,9576,0,0,0ac5ca3fc57c9793213d,0ac5ca3fc57c9793213d
sampling-19,A,8,True,True,correct_feasible_plan,True,128,True,correct_feasible_plan,True,1,8,19152,8,19152,0,0,0ac5ca3fc57c9793213d,0ac5ca3fc57c9793213d
sampling-19,B,2,True,True,correct_feasible_plan,True,128,True,correct_feasible_plan,True,1,2,4788,2,4788,0,0,0ac5ca3fc57c9793213d,0ac5ca3fc57c9793213d
sampling-19,B,4,True,True,correct_feasible_plan,True,128,True,correct_feasible_plan,True,1,4,9627,4,9627,0,0,0ac5ca3fc57c9793213d,0ac5ca3fc57c9793213d
sampling-19,B,8,True,True,correct_feasible_plan,True,128,True,correct_feasible_plan,True,1,8,19316,8,19316,0,0,0ac5ca3fc57c9793213d,0ac5ca3fc57c9793213d
sampling-19,C,2,True,True,correct_feasible_plan,True,128,True,correct_feasible_plan,True,1,2,4788,2,4788,0,0,0ac5ca3fc57c9793213d,0ac5ca3fc57c9793213d
sampling-19,C,4,True,True,correct_feasible_plan,True,128,True,correct_feasible_plan,True,1,4,11782,4,11782,0,0,0ac5ca3fc57c9793213d,0ac5ca3fc57c9793213d
sampling-19,C,8,True,True,correct_feasible_plan,True,128,True,correct_feasible_plan,True,1,8,25829,8,25829,0,0,0ac5ca3fc57c9793213d,0ac5ca3fc57c9793213d
sampling-20,A,2,False,False,incorrect_plan,True,128,False,incorrect_plan,False,2,2,5459,3,4690,769,1,2ba084255b08719b7312,2ba084255b08719b7312
sampling-20,A,4,False,False,incorrect_plan,True,128,False,incorrect_plan,False,2,4,10073,5,9304,769,1,2ba084255b08719b7312,2ba084255b08719b7312
sampling-20,A,8,False,True,correct_feasible_plan,True,128,False,incorrect_plan,True,3,8,20099,10,18556,1543,2,0ce2d0f97e8a8824a218,2ba084255b08719b7312
sampling-20,B,2,False,False,incorrect_plan,True,128,False,incorrect_plan,False,2,2,5459,3,4690,769,1,2ba084255b08719b7312,2ba084255b08719b7312
sampling-20,B,4,False,False,incorrect_plan,True,128,False,incorrect_plan,False,2,4,10124,5,9355,769,1,2ba084255b08719b7312,2ba084255b08719b7312
sampling-20,B,8,False,False,incorrect_plan,True,128,False,incorrect_plan,False,2,8,19567,9,18798,769,1,2ba084255b08719b7312,2ba084255b08719b7312
sampling-20,C,2,False,False,incorrect_plan,True,128,False,incorrect_plan,False,2,2,5459,3,4690,769,1,2ba084255b08719b7312,2ba084255b08719b7312
sampling-20,C,4,False,False,incorrect_plan,True,128,False,incorrect_plan,False,2,4,12389,5,11620,769,1,2ba084255b08719b7312,2ba084255b08719b7312
sampling-20,C,8,False,False,incorrect_plan,True,128,False,incorrect_plan,False,2,8,26308,9,25539,769,1,2ba084255b08719b7312,2ba084255b08719b7312
sampling-21,A,2,True,True,correct_feasible_plan,True,128,True,correct_feasible_plan,True,1,2,4758,2,4758,0,0,228724a45c63d6e55026,228724a45c63d6e55026
sampling-21,A,4,True,True,correct_feasible_plan,True,128,True,correct_feasible_plan,True,1,4,9528,4,9528,0,0,228724a45c63d6e55026,228724a45c63d6e55026
sampling-21,A,8,True,True,correct_feasible_plan,True,128,True,correct_feasible_plan,True,1,8,19068,8,19068,0,0,228724a45c63d6e55026,228724a45c63d6e55026
sampling-21,B,2,True,True,correct_feasible_plan,True,128,True,correct_feasible_plan,True,1,2,4758,2,4758,0,0,228724a45c63d6e55026,228724a45c63d6e55026
sampling-21,B,4,True,True,correct_feasible_plan,True,128,True,correct_feasible_plan,True,1,4,9579,4,9579,0,0,228724a45c63d6e55026,228724a45c63d6e55026
sampling-21,B,8,True,True,correct_feasible_plan,True,128,True,correct_feasible_plan,True,1,8,19232,8,19232,0,0,228724a45c63d6e55026,228724a45c63d6e55026
sampling-21,C,2,True,True,correct_feasible_plan,True,128,True,correct_feasible_plan,True,1,2,4758,2,4758,0,0,228724a45c63d6e55026,228724a45c63d6e55026
sampling-21,C,4,True,True,correct_feasible_plan,True,128,True,correct_feasible_plan,True,1,4,11456,4,11456,0,0,228724a45c63d6e55026,228724a45c63d6e55026
sampling-21,C,8,True,True,correct_feasible_plan,True,128,True,correct_feasible_plan,True,1,8,24923,8,24923,0,0,228724a45c63d6e55026,228724a45c63d6e55026
sampling-22,A,2,True,True,correct_feasible_plan,True,256,True,correct_feasible_plan,True,1,2,4990,2,4990,0,0,178506d825ac61e8a860,178506d825ac61e8a860
sampling-22,A,4,True,True,correct_feasible_plan,True,256,True,correct_feasible_plan,True,1,4,9979,4,9979,0,0,178506d825ac61e8a860,178506d825ac61e8a860
sampling-22,A,8,True,True,correct_feasible_plan,True,256,True,correct_feasible_plan,True,1,8,19995,8,19995,0,0,178506d825ac61e8a860,178506d825ac61e8a860
sampling-22,B,2,True,True,correct_feasible_plan,True,256,True,correct_feasible_plan,True,1,2,4990,2,4990,0,0,178506d825ac61e8a860,178506d825ac61e8a860
sampling-22,B,4,True,True,correct_feasible_plan,True,256,True,correct_feasible_plan,True,1,4,10031,4,10031,0,0,178506d825ac61e8a860,178506d825ac61e8a860
sampling-22,B,8,True,True,correct_feasible_plan,True,256,True,correct_feasible_plan,True,1,8,20173,8,20173,0,0,178506d825ac61e8a860,178506d825ac61e8a860
sampling-22,C,2,True,True,correct_feasible_plan,True,256,True,correct_feasible_plan,True,1,2,4990,2,4990,0,0,178506d825ac61e8a860,178506d825ac61e8a860
sampling-22,C,4,True,True,correct_feasible_plan,True,256,True,correct_feasible_plan,True,1,4,13014,4,13014,0,0,178506d825ac61e8a860,178506d825ac61e8a860
sampling-22,C,8,True,True,correct_feasible_plan,True,256,True,correct_feasible_plan,True,1,8,29109,8,29109,0,0,178506d825ac61e8a860,178506d825ac61e8a860
sampling-23,A,2,True,True,correct_infeasibility,False,96,True,correct_infeasibility,True,1,2,4798,2,4798,0,0,,
sampling-23,A,4,True,True,correct_infeasibility,False,96,True,correct_infeasibility,True,1,4,9596,4,9596,0,0,,
sampling-23,A,8,True,True,correct_infeasibility,False,96,True,correct_infeasibility,True,1,8,19181,8,19181,0,0,,
sampling-23,B,2,True,True,correct_infeasibility,False,96,True,correct_infeasibility,True,1,2,4798,2,4798,0,0,,
sampling-23,B,4,True,True,correct_infeasibility,False,96,True,correct_infeasibility,True,1,4,9647,4,9647,0,0,,
sampling-23,B,8,True,True,correct_infeasibility,False,96,True,correct_infeasibility,True,1,8,19369,8,19369,0,0,,
sampling-23,C,2,True,True,correct_infeasibility,False,96,True,correct_infeasibility,True,1,2,4798,2,4798,0,0,,
sampling-23,C,4,True,True,correct_infeasibility,False,96,True,correct_infeasibility,True,1,4,11498,4,11498,0,0,,
sampling-23,C,8,True,True,correct_infeasibility,False,96,True,correct_infeasibility,True,1,8,24957,8,24957,0,0,,
sampling-24,A,2,True,True,correct_feasible_plan,True,128,True,correct_feasible_plan,True,1,2,4792,2,4792,0,0,144ce90cc5ffadba889a,144ce90cc5ffadba889a
sampling-24,A,4,True,True,correct_feasible_plan,True,128,True,correct_feasible_plan,True,1,4,9584,4,9584,0,0,144ce90cc5ffadba889a,144ce90cc5ffadba889a
sampling-24,A,8,True,True,correct_feasible_plan,True,128,True,correct_feasible_plan,True,1,8,19156,8,19156,0,0,144ce90cc5ffadba889a,144ce90cc5ffadba889a
sampling-24,B,2,True,True,correct_feasible_plan,True,128,True,correct_feasible_plan,True,1,2,4792,2,4792,0,0,144ce90cc5ffadba889a,144ce90cc5ffadba889a
sampling-24,B,4,True,True,correct_feasible_plan,True,128,True,correct_feasible_plan,True,1,4,9635,4,9635,0,0,144ce90cc5ffadba889a,144ce90cc5ffadba889a
sampling-24,B,8,True,True,correct_feasible_plan,True,128,True,correct_feasible_plan,True,1,8,19332,8,19332,0,0,144ce90cc5ffadba889a,144ce90cc5ffadba889a
sampling-24,C,2,True,True,correct_feasible_plan,True,128,True,correct_feasible_plan,True,1,2,4792,2,4792,0,0,144ce90cc5ffadba889a,144ce90cc5ffadba889a
sampling-24,C,4,True,True,correct_feasible_plan,True,128,True,correct_feasible_plan,True,1,4,11490,4,11490,0,0,144ce90cc5ffadba889a,144ce90cc5ffadba889a
sampling-24,C,8,True,True,correct_feasible_plan,True,128,True,correct_feasible_plan,True,1,8,24945,8,24945,0,0,144ce90cc5ffadba889a,144ce90cc5ffadba889a
sampling-25,A,2,False,False,incorrect_plan,True,128,False,incorrect_plan,False,2,2,5667,3,4618,1049,1,6ec57a760ec0de4a08a5,6ec57a760ec0de4a08a5
sampling-25,A,4,False,False,incorrect_plan,True,128,False,incorrect_plan,False,2,4,10285,5,9236,1049,1,6ec57a760ec0de4a08a5,6ec57a760ec0de4a08a5
sampling-25,A,8,False,False,incorrect_plan,True,128,False,incorrect_plan,False,2,8,19521,9,18472,1049,1,6ec57a760ec0de4a08a5,6ec57a760ec0de4a08a5
sampling-25,B,2,False,False,incorrect_plan,True,128,False,incorrect_plan,False,2,2,5667,3,4618,1049,1,6ec57a760ec0de4a08a5,6ec57a760ec0de4a08a5
sampling-25,B,4,False,False,incorrect_plan,True,128,False,incorrect_plan,False,2,4,10336,5,9287,1049,1,6ec57a760ec0de4a08a5,6ec57a760ec0de4a08a5
sampling-25,B,8,True,False,incorrect_plan,True,128,True,correct_feasible_plan,True,3,8,20824,10,18738,2086,2,6ec57a760ec0de4a08a5,6b912d8419084d09a8ac
sampling-25,C,2,False,False,incorrect_plan,True,128,False,incorrect_plan,False,2,2,5667,3,4618,1049,1,6ec57a760ec0de4a08a5,6ec57a760ec0de4a08a5
sampling-25,C,4,False,False,incorrect_plan,True,128,False,incorrect_plan,False,2,4,12967,5,11918,1049,1,6ec57a760ec0de4a08a5,6ec57a760ec0de4a08a5
sampling-25,C,8,False,False,incorrect_plan,True,128,False,incorrect_plan,False,2,8,27626,9,26577,1049,1,6ec57a760ec0de4a08a5,6ec57a760ec0de4a08a5
sampling-26,A,2,True,True,correct_feasible_plan,True,51,True,correct_feasible_plan,True,1,2,4782,2,4782,0,0,de6a8339f7d444414a38,de6a8339f7d444414a38
sampling-26,A,4,True,True,correct_feasible_plan,True,51,True,correct_feasible_plan,True,1,4,9563,4,9563,0,0,de6a8339f7d444414a38,de6a8339f7d444414a38
sampling-26,A,8,True,True,correct_feasible_plan,True,51,True,correct_feasible_plan,True,1,8,19127,8,19127,0,0,de6a8339f7d444414a38,de6a8339f7d444414a38
sampling-26,B,2,True,True,correct_feasible_plan,True,51,True,correct_feasible_plan,True,1,2,4782,2,4782,0,0,de6a8339f7d444414a38,de6a8339f7d444414a38
sampling-26,B,4,True,True,correct_feasible_plan,True,51,True,correct_feasible_plan,True,1,4,9614,4,9614,0,0,de6a8339f7d444414a38,de6a8339f7d444414a38
sampling-26,B,8,True,True,correct_feasible_plan,True,51,True,correct_feasible_plan,True,1,8,19303,8,19303,0,0,de6a8339f7d444414a38,de6a8339f7d444414a38
sampling-26,C,2,True,True,correct_feasible_plan,True,51,True,correct_feasible_plan,True,1,2,4782,2,4782,0,0,de6a8339f7d444414a38,de6a8339f7d444414a38
sampling-26,C,4,True,True,correct_feasible_plan,True,51,True,correct_feasible_plan,True,2,3,11956,5,11272,684,1,de6a8339f7d444414a38,de6a8339f7d444414a38
sampling-26,C,8,True,True,correct_feasible_plan,True,51,True,correct_feasible_plan,True,2,7,25551,9,24867,684,1,de6a8339f7d444414a38,de6a8339f7d444414a38
sampling-27,A,2,True,True,correct_feasible_plan,True,128,True,correct_feasible_plan,True,1,2,4794,2,4794,0,0,07a04d5021cf1bf5bd40,07a04d5021cf1bf5bd40
sampling-27,A,4,True,True,correct_feasible_plan,True,128,True,correct_feasible_plan,True,1,4,9588,4,9588,0,0,07a04d5021cf1bf5bd40,07a04d5021cf1bf5bd40
sampling-27,A,8,True,True,correct_feasible_plan,True,128,True,correct_feasible_plan,True,1,8,19164,8,19164,0,0,07a04d5021cf1bf5bd40,07a04d5021cf1bf5bd40
sampling-27,B,2,True,True,correct_feasible_plan,True,128,True,correct_feasible_plan,True,1,2,4794,2,4794,0,0,07a04d5021cf1bf5bd40,07a04d5021cf1bf5bd40
sampling-27,B,4,True,True,correct_feasible_plan,True,128,True,correct_feasible_plan,True,1,4,9639,4,9639,0,0,07a04d5021cf1bf5bd40,07a04d5021cf1bf5bd40
sampling-27,B,8,True,True,correct_feasible_plan,True,128,True,correct_feasible_plan,True,1,8,19340,8,19340,0,0,07a04d5021cf1bf5bd40,07a04d5021cf1bf5bd40
sampling-27,C,2,True,True,correct_feasible_plan,True,128,True,correct_feasible_plan,True,1,2,4794,2,4794,0,0,07a04d5021cf1bf5bd40,07a04d5021cf1bf5bd40
sampling-27,C,4,True,True,correct_feasible_plan,True,128,True,correct_feasible_plan,True,1,4,11522,4,11522,0,0,07a04d5021cf1bf5bd40,07a04d5021cf1bf5bd40
sampling-27,C,8,True,True,correct_feasible_plan,True,128,True,correct_feasible_plan,True,1,8,25037,8,25037,0,0,07a04d5021cf1bf5bd40,07a04d5021cf1bf5bd40
sampling-28,A,2,False,False,incorrect_plan,True,66,False,false_infeasibility,False,2,2,5236,3,4637,599,1,ddfac7f5684d4c2aa782,
sampling-28,A,4,False,False,incorrect_plan,True,66,False,false_infeasibility,False,3,4,10447,6,9249,1198,2,ddfac7f5684d4c2aa782,
sampling-28,A,8,False,False,incorrect_plan,True,66,False,false_infeasibility,False,3,8,19673,10,18475,1198,2,ddfac7f5684d4c2aa782,
sampling-28,B,2,False,False,incorrect_plan,True,66,False,false_infeasibility,False,2,2,5236,3,4637,599,1,ddfac7f5684d4c2aa782,
sampling-28,B,4,False,False,incorrect_plan,True,66,False,false_infeasibility,False,3,4,10498,6,9300,1198,2,ddfac7f5684d4c2aa782,
sampling-28,B,8,True,False,incorrect_plan,True,66,True,correct_feasible_plan,True,4,8,19938,10,18740,1198,2,ddfac7f5684d4c2aa782,c60669581d686e245bc1
sampling-28,C,2,False,False,incorrect_plan,True,66,False,false_infeasibility,False,2,2,5236,3,4637,599,1,ddfac7f5684d4c2aa782,
sampling-28,C,4,False,False,incorrect_plan,True,66,False,false_infeasibility,False,2,4,11708,5,11109,599,1,ddfac7f5684d4c2aa782,
sampling-28,C,8,False,False,incorrect_plan,True,66,False,false_infeasibility,False,2,8,24711,9,24112,599,1,ddfac7f5684d4c2aa782,
sampling-29,A,2,True,True,correct_feasible_plan,True,36,True,correct_feasible_plan,True,1,2,4766,2,4766,0,0,7218c10160f35ab05b65,7218c10160f35ab05b65
sampling-29,A,4,True,True,correct_feasible_plan,True,36,True,correct_feasible_plan,True,1,4,9532,4,9532,0,0,7218c10160f35ab05b65,7218c10160f35ab05b65
sampling-29,A,8,True,True,correct_feasible_plan,True,36,True,correct_feasible_plan,True,1,8,19064,8,19064,0,0,7218c10160f35ab05b65,7218c10160f35ab05b65
sampling-29,B,2,True,True,correct_feasible_plan,True,36,True,correct_feasible_plan,True,1,2,4766,2,4766,0,0,7218c10160f35ab05b65,7218c10160f35ab05b65
sampling-29,B,4,True,True,correct_feasible_plan,True,36,True,correct_feasible_plan,True,1,4,9583,4,9583,0,0,7218c10160f35ab05b65,7218c10160f35ab05b65
sampling-29,B,8,True,True,correct_feasible_plan,True,36,True,correct_feasible_plan,True,1,8,19228,8,19228,0,0,7218c10160f35ab05b65,7218c10160f35ab05b65
sampling-29,C,2,True,True,correct_feasible_plan,True,36,True,correct_feasible_plan,True,1,2,4766,2,4766,0,0,7218c10160f35ab05b65,7218c10160f35ab05b65
sampling-29,C,4,True,True,correct_feasible_plan,True,36,True,correct_feasible_plan,True,1,4,11240,4,11240,0,0,7218c10160f35ab05b65,7218c10160f35ab05b65
sampling-29,C,8,True,True,correct_feasible_plan,True,36,True,correct_feasible_plan,True,1,8,24247,8,24247,0,0,7218c10160f35ab05b65,7218c10160f35ab05b65
sampling-30,A,2,True,True,correct_feasible_plan,True,256,True,correct_feasible_plan,True,1,2,4988,2,4988,0,0,007148cd089823347e1b,007148cd089823347e1b
sampling-30,A,4,True,True,correct_feasible_plan,True,256,True,correct_feasible_plan,True,1,4,9977,4,9977,0,0,007148cd089823347e1b,007148cd089823347e1b
sampling-30,A,8,True,True,correct_feasible_plan,True,256,True,correct_feasible_plan,True,1,8,19953,8,19953,0,0,007148cd089823347e1b,007148cd089823347e1b
sampling-30,B,2,True,True,correct_feasible_plan,True,256,True,correct_feasible_plan,True,1,2,4988,2,4988,0,0,007148cd089823347e1b,007148cd089823347e1b
sampling-30,B,4,True,True,correct_feasible_plan,True,256,True,correct_feasible_plan,True,1,4,10027,4,10027,0,0,007148cd089823347e1b,007148cd089823347e1b
sampling-30,B,8,True,True,correct_feasible_plan,True,256,True,correct_feasible_plan,True,1,8,20134,8,20134,0,0,007148cd089823347e1b,007148cd089823347e1b
sampling-30,C,2,True,True,correct_feasible_plan,True,256,True,correct_feasible_plan,True,1,2,4988,2,4988,0,0,007148cd089823347e1b,007148cd089823347e1b
sampling-30,C,4,True,True,correct_feasible_plan,True,256,True,correct_feasible_plan,True,1,4,13026,4,13026,0,0,007148cd089823347e1b,007148cd089823347e1b
sampling-30,C,8,True,True,correct_feasible_plan,True,256,True,correct_feasible_plan,True,1,8,29149,8,29149,0,0,007148cd089823347e1b,007148cd089823347e1b
sampling-31,A,2,True,True,correct_infeasibility,False,128,True,correct_infeasibility,True,1,2,4792,2,4792,0,0,,
sampling-31,A,4,True,True,correct_infeasibility,False,128,True,correct_infeasibility,True,1,4,9584,4,9584,0,0,,
sampling-31,A,8,True,True,correct_infeasibility,False,128,True,correct_infeasibility,True,1,8,19156,8,19156,0,0,,
sampling-31,B,2,True,True,correct_infeasibility,False,128,True,correct_infeasibility,True,1,2,4792,2,4792,0,0,,
sampling-31,B,4,True,True,correct_infeasibility,False,128,True,correct_infeasibility,True,1,4,9635,4,9635,0,0,,
sampling-31,B,8,True,True,correct_infeasibility,False,128,True,correct_infeasibility,True,1,8,19332,8,19332,0,0,,
sampling-31,C,2,True,True,correct_infeasibility,False,128,True,correct_infeasibility,True,1,2,4792,2,4792,0,0,,
sampling-31,C,4,True,True,correct_infeasibility,False,128,True,correct_infeasibility,True,1,4,11490,4,11490,0,0,,
sampling-31,C,8,True,True,correct_infeasibility,False,128,True,correct_infeasibility,True,1,8,24945,8,24945,0,0,,
