budget,calls,category,correct,family,input_tokens,judgments,method,mode,output_tokens,plan_id,reference_feasible,remaining,scenario_id
0,4,correct_feasible_plan,True,timing,9028,0,D,model,522,0e81a91bb035a1d8574d,True,3,pilot-00
0,4,correct_feasible_plan,True,timing,9028,0,D,oracle,522,0e81a91bb035a1d8574d,True,3,pilot-00
1,5,correct_feasible_plan,True,timing,9586,1,D,model,583,0e81a91bb035a1d8574d,True,1,pilot-00
1,4,correct_feasible_plan,True,timing,9028,1,D,oracle,522,0e81a91bb035a1d8574d,True,1,pilot-00
2,5,correct_feasible_plan,True,timing,9586,1,D,model,583,0e81a91bb035a1d8574d,True,1,pilot-00
2,4,correct_feasible_plan,True,timing,9028,1,D,oracle,522,0e81a91bb035a1d8574d,True,1,pilot-00
4,5,correct_feasible_plan,True,timing,9586,1,D,model,583,0e81a91bb035a1d8574d,True,1,pilot-00
4,4,correct_feasible_plan,True,timing,9028,1,D,oracle,522,0e81a91bb035a1d8574d,True,1,pilot-00
0,4,correct_feasible_plan,True,timing,9028,0,E,model,522,0e81a91bb035a1d8574d,True,3,pilot-00
0,4,correct_feasible_plan,True,timing,9028,0,E,oracle,522,0e81a91bb035a1d8574d,True,3,pilot-00
1,5,correct_feasible_plan,True,timing,9582,1,E,model,580,0e81a91bb035a1d8574d,True,2,pilot-00
1,4,correct_feasible_plan,True,timing,9028,1,E,oracle,522,0e81a91bb035a1d8574d,True,2,pilot-00
2,6,correct_feasible_plan,True,timing,10140,2,E,model,641,0e81a91bb035a1d8574d,True,1,pilot-00
2,4,correct_feasible_plan,True,timing,9028,2,E,oracle,522,0e81a91bb035a1d8574d,True,1,pilot-00
4,6,correct_feasible_plan,True,timing,10140,2,E,model,641,0e81a91bb035a1d8574d,True,1,pilot-00
4,4,correct_feasible_plan,True,timing,9028,2,E,oracle,522,0e81a91bb035a1d8574d,True,1,pilot-00
0,1,correct_feasible_plan,True,timing,2257,0,A,model,127,0e81a91bb035a1d8574d,True,,pilot-00
0,4,incorrect_plan,False,mode_exclusion,9028,0,D,model,686,4f068e23d6f9f80811f2,True,2,pilot-01
0,4,incorrect_plan,False,mode_exclusion,9028,0,D,oracle,686,4f068e23d6f9f80811f2,True,2,pilot-01
1,5,incorrect_plan,False,mode_exclusion,9508,1,D,model,754,4f068e23d6f9f80811f2,True,1,pilot-01
1,4,false_infeasibility,False,mode_exclusion,9028,1,D,oracle,686,,True,1,pilot-01
2,5,incorrect_plan,False,mode_exclusion,9508,1,D,model,754,4f068e23d6f9f80811f2,True,1,pilot-01
2,4,false_infeasibility,False,mode_exclusion,9028,1,D,oracle,686,,True,1,pilot-01
4,5,incorrect_plan,False,mode_exclusion,9508,1,D,model,754,4f068e23d6f9f80811f2,True,1,pilot-01
4,4,false_infeasibility,False,mode_exclusion,9028,1,D,oracle,686,,True,1,pilot-01
0,4,incorrect_plan,False,mode_exclusion,9028,0,E,model,686,4f068e23d6f9f80811f2,True,2,pilot-01
0,4,incorrect_plan,False,mode_exclusion,9028,0,E,oracle,686,4f068e23d6f9f80811f2,True,2,pilot-01
1,5,incorrect_plan,False,mode_exclusion,9508,1,E,model,754,4f068e23d6f9f80811f2,True,1,pilot-01
1,4,false_infeasibility,False,mode_exclusion,9028,1,E,oracle,686,,True,1,pilot-01
2,5,incorrect_plan,False,mode_exclusion,9508,1,E,model,754,4f068e23d6f9f80811f2,True,1,pilot-01
2,4,false_infeasibility,False,mode_exclusion,9028,1,E,oracle,686,,True,1,pilot-01
4,5,incorrect_plan,False,mode_exclusion,9508,1,E,model,754,4f068e23d6f9f80811f2,True,1,pilot-01
4,4,false_infeasibility,False,mode_exclusion,9028,1,E,oracle,686,,True,1,pilot-01
0,1,incorrect_plan,False,mode_exclusion,2257,0,A,model,167,4f068e23d6f9f80811f2,True,,pilot-01
0,4,false_infeasibility,False,ordered_visits,9036,0,D,model,891,,True,1,pilot-02
0,4,false_infeasibility,False,ordered_visits,9036,0,D,oracle,891,,True,1,pilot-02
1,4,false_infeasibility,False,ordered_visits,9036,0,D,model,891,,True,1,pilot-02
1,4,false_infeasibility,False,ordered_visits,9036,0,D,oracle,891,,True,1,pilot-02
2,4,false_infeasibility,False,ordered_visits,9036,0,D,model,891,,True,1,pilot-02
2,4,false_infeasibility,False,ordered_visits,9036,0,D,oracle,891,,True,1,pilot-02
4,4,false_infeasibility,False,ordered_visits,9036,0,D,model,891,,True,1,pilot-02
4,4,false_infeasibility,False,ordered_visits,9036,0,D,oracle,891,,True,1,pilot-02
0,4,false_infeasibility,False,ordered_visits,9036,0,E,model,891,,True,1,pilot-02
0,4,false_infeasibility,False,ordered_visits,9036,0,E,oracle,891,,True,1,pilot-02
1,4,false_infeasibility,False,ordered_visits,9036,0,E,model,891,,True,1,pilot-02
1,4,false_infeasibility,False,ordered_visits,9036,0,E,oracle,891,,True,1,pilot-02
2,4,false_infeasibility,False,ordered_visits,9036,0,E,model,891,,True,1,pilot-02
2,4,false_infeasibility,False,ordered_visits,9036,0,E,oracle,891,,True,1,pilot-02
4,4,false_infeasibility,False,ordered_visits,9036,0,E,model,891,,True,1,pilot-02
4,4,false_infeasibility,False,ordered_visits,9036,0,E,oracle,891,,True,1,pilot-02
0,1,false_infeasibility,False,ordered_visits,2259,0,A,model,270,,True,,pilot-02
0,4,correct_feasible_plan,True,transfers,9000,0,D,model,528,0ac46ca40ee069f89ea9,True,1,pilot-03
0,4,correct_feasible_plan,True,transfers,9000,0,D,oracle,528,0ac46ca40ee069f89ea9,True,1,pilot-03
1,4,correct_feasible_plan,True,transfers,9000,0,D,model,528,0ac46ca40ee069f89ea9,True,1,pilot-03
1,4,correct_feasible_plan,True,transfers,9000,0,D,oracle,528,0ac46ca40ee069f89ea9,True,1,pilot-03
2,4,correct_feasible_plan,True,transfers,9000,0,D,model,528,0ac46ca40ee069f89ea9,True,1,pilot-03
2,4,correct_feasible_plan,True,transfers,9000,0,D,oracle,528,0ac46ca40ee069f89ea9,True,1,pilot-03
4,4,correct_feasible_plan,True,transfers,9000,0,D,model,528,0ac46ca40ee069f89ea9,True,1,pilot-03
4,4,correct_feasible_plan,True,transfers,9000,0,D,oracle,528,0ac46ca40ee069f89ea9,True,1,pilot-03
0,4,correct_feasible_plan,True,transfers,9000,0,E,model,528,0ac46ca40ee069f89ea9,True,1,pilot-03
0,4,correct_feasible_plan,True,transfers,9000,0,E,oracle,528,0ac46ca40ee069f89ea9,True,1,pilot-03
1,4,correct_feasible_plan,True,transfers,9000,0,E,model,528,0ac46ca40ee069f89ea9,True,1,pilot-03
1,4,correct_feasible_plan,True,transfers,9000,0,E,oracle,528,0ac46ca40ee069f89ea9,True,1,pilot-03
2,4,correct_feasible_plan,True,transfers,9000,0,E,model,528,0ac46ca40ee069f89ea9,True,1,pilot-03
2,4,correct_feasible_plan,True,transfers,9000,0,E,oracle,528,0ac46ca40ee069f89ea9,True,1,pilot-03
4,4,correct_feasible_plan,True,transfers,9000,0,E,model,528,0ac46ca40ee069f89ea9,True,1,pilot-03
4,4,correct_feasible_plan,True,transfers,9000,0,E,oracle,528,0ac46ca40ee069f89ea9,True,1,pilot-03
0,1,correct_feasible_plan,True,transfers,2250,0,A,model,135,0ac46ca40ee069f89ea9,True,,pilot-03
0,4,correct_feasible_plan,True,scope,9472,0,D,model,704,44325a1d6f986fbdec4c,True,2,pilot-04
0,4,correct_feasible_plan,True,scope,9472,0,D,oracle,704,44325a1d6f986fbdec4c,True,2,pilot-04
1,5,correct_feasible_plan,True,scope,10364,1,D,model,757,44325a1d6f986fbdec4c,True,1,pilot-04
1,4,correct_feasible_plan,True,scope,9472,1,D,oracle,704,44325a1d6f986fbdec4c,True,1,pilot-04
2,5,correct_feasible_plan,True,scope,10364,1,D,model,757,44325a1d6f986fbdec4c,True,1,pilot-04
2,4,correct_feasible_plan,True,scope,9472,1,D,oracle,704,44325a1d6f986fbdec4c,True,1,pilot-04
4,5,correct_feasible_plan,True,scope,10364,1,D,model,757,44325a1d6f986fbdec4c,True,1,pilot-04
4,4,correct_feasible_plan,True,scope,9472,1,D,oracle,704,44325a1d6f986fbdec4c,True,1,pilot-04
0,4,correct_feasible_plan,True,scope,9472,0,E,model,704,44325a1d6f986fbdec4c,True,2,pilot-04
0,4,correct_feasible_plan,True,scope,9472,0,E,oracle,704,44325a1d6f986fbdec4c,True,2,pilot-04
1,5,correct_feasible_plan,True,scope,10364,1,E,model,757,44325a1d6f986fbdec4c,True,1,pilot-04
1,4,correct_feasible_plan,True,scope,9472,1,E,oracle,704,44325a1d6f986fbdec4c,True,1,pilot-04
2,5,correct_feasible_plan,True,scope,10364,1,E,model,757,44325a1d6f986fbdec4c,True,1,pilot-04
2,4,correct_feasible_plan,True,scope,9472,1,E,oracle,704,44325a1d6f986fbdec4c,True,1,pilot-04
4,5,correct_feasible_plan,True,scope,10364,1,E,model,757,44325a1d6f986fbdec4c,True,1,pilot-04
4,4,correct_feasible_plan,True,scope,9472,1,E,oracle,704,44325a1d6f986fbdec4c,True,1,pilot-04
0,1,correct_feasible_plan,True,scope,2368,0,A,model,168,44325a1d6f986fbdec4c,True,,pilot-04
0,4,invalid_model_output,False,infeasible,9044,0,D,model,162,,False,0,pilot-05
0,4,invalid_model_output,False,infeasible,9044,0,D,oracle,162,,False,0,pilot-05
1,4,invalid_model_output,False,infeasible,9044,0,D,model,162,,False,0,pilot-05
1,4,invalid_model_output,False,infeasible,9044,0,D,oracle,162,,False,0,pilot-05
2,4,invalid_model_output,False,infeasible,9044,0,D,model,162,,False,0,pilot-05
2,4,invalid_model_output,False,infeasible,9044,0,D,oracle,162,,False,0,pilot-05
4,4,invalid_model_output,False,infeasible,9044,0,D,model,162,,False,0,pilot-05
4,4,invalid_model_output,False,infeasible,9044,0,D,oracle,162,,False,0,pilot-05
0,4,invalid_model_output,False,infeasible,9044,0,E,model,162,,False,0,pilot-05
0,4,invalid_model_output,False,infeasible,9044,0,E,oracle,162,,False,0,pilot-05
1,4,invalid_model_output,False,infeasible,9044,0,E,model,162,,False,0,pilot-05
1,4,invalid_model_output,False,infeasible,9044,0,E,oracle,162,,False,0,pilot-05
2,4,invalid_model_output,False,infeasible,9044,0,E,model,162,,False,0,pilot-05
2,4,invalid_model_output,False,infeasible,9044,0,E,oracle,162,,False,0,pilot-05
4,4,invalid_model_output,False,infeasible,9044,0,E,model,162,,False,0,pilot-05
4,4,invalid_model_output,False,infeasible,9044,0,E,oracle,162,,False,0,pilot-05
0,1,invalid_model_output,False,infeasible,2261,0,A,model,45,,False,,pilot-05
0,4,correct_feasible_plan,True,mode_exclusion,9036,0,D,model,686,06a8981f38212ea1c2e1,True,3,pilot-06
0,4,correct_feasible_plan,True,mode_exclusion,9036,0,D,oracle,686,06a8981f38212ea1c2e1,True,3,pilot-06
1,5,correct_feasible_plan,True,mode_exclusion,9672,1,D,model,750,06a8981f38212ea1c2e1,True,2,pilot-06
1,4,correct_feasible_plan,True,mode_exclusion,9036,1,D,oracle,686,0466e64c29c7b114cae5,True,1,pilot-06
2,6,correct_feasible_plan,True,mode_exclusion,10309,2,D,model,829,06a8981f38212ea1c2e1,True,1,pilot-06
2,4,correct_feasible_plan,True,mode_exclusion,9036,1,D,oracle,686,0466e64c29c7b114cae5,True,1,pilot-06
4,6,correct_feasible_plan,True,mode_exclusion,10309,2,D,model,829,06a8981f38212ea1c2e1,True,1,pilot-06
4,4,correct_feasible_plan,True,mode_exclusion,9036,1,D,oracle,686,0466e64c29c7b114cae5,True,1,pilot-06
0,4,correct_feasible_plan,True,mode_exclusion,9036,0,E,model,686,06a8981f38212ea1c2e1,True,3,pilot-06
0,4,correct_feasible_plan,True,mode_exclusion,9036,0,E,oracle,686,06a8981f38212ea1c2e1,True,3,pilot-06
1,5,correct_feasible_plan,True,mode_exclusion,9672,1,E,model,750,06a8981f38212ea1c2e1,True,2,pilot-06
1,4,correct_feasible_plan,True,mode_exclusion,9036,1,E,oracle,686,0466e64c29c7b114cae5,True,1,pilot-06
2,6,correct_feasible_plan,True,mode_exclusion,10309,2,E,model,829,06a8981f38212ea1c2e1,True,1,pilot-06
2,4,correct_feasible_plan,True,mode_exclusion,9036,1,E,oracle,686,0466e64c29c7b114cae5,True,1,pilot-06
4,6,correct_feasible_plan,True,mode_exclusion,10309,2,E,model,829,06a8981f38212ea1c2e1,True,1,pilot-06
4,4,correct_feasible_plan,True,mode_exclusion,9036,1,E,oracle,686,0466e64c29c7b114cae5,True,1,pilot-06
0,1,correct_feasible_plan,True,mode_exclusion,2259,0,A,model,167,06a8981f38212ea1c2e1,True,,pilot-06
0,4,correct_feasible_plan,True,ordered_visits,9020,0,D,model,901,19e9794bfbc0e5b01e46,True,1,pilot-07
0,4,correct_feasible_plan,True,ordered_visits,9020,0,D,oracle,901,19e9794bfbc0e5b01e46,True,1,pilot-07
1,4,correct_feasible_plan,True,ordered_visits,9020,0,D,model,901,19e9794bfbc0e5b01e46,True,1,pilot-07
1,4,correct_feasible_plan,True,ordered_visits,9020,0,D,oracle,901,19e9794bfbc0e5b01e46,True,1,pilot-07
2,4,correct_feasible_plan,True,ordered_visits,9020,0,D,model,901,19e9794bfbc0e5b01e46,True,1,pilot-07
2,4,correct_feasible_plan,True,ordered_visits,9020,0,D,oracle,901,19e9794bfbc0e5b01e46,True,1,pilot-07
4,4,correct_feasible_plan,True,ordered_visits,9020,0,D,model,901,19e9794bfbc0e5b01e46,True,1,pilot-07
4,4,correct_feasible_plan,True,ordered_visits,9020,0,D,oracle,901,19e9794bfbc0e5b01e46,True,1,pilot-07
0,4,correct_feasible_plan,True,ordered_visits,9020,0,E,model,901,19e9794bfbc0e5b01e46,True,1,pilot-07
0,4,correct_feasible_plan,True,ordered_visits,9020,0,E,oracle,901,19e9794bfbc0e5b01e46,True,1,pilot-07
1,4,correct_feasible_plan,True,ordered_visits,9020,0,E,model,901,19e9794bfbc0e5b01e46,True,1,pilot-07
1,4,correct_feasible_plan,True,ordered_visits,9020,0,E,oracle,901,19e9794bfbc0e5b01e46,True,1,pilot-07
2,4,correct_feasible_plan,True,ordered_visits,9020,0,E,model,901,19e9794bfbc0e5b01e46,True,1,pilot-07
2,4,correct_feasible_plan,True,ordered_visits,9020,0,E,oracle,901,19e9794bfbc0e5b01e46,True,1,pilot-07
4,4,correct_feasible_plan,True,ordered_visits,9020,0,E,model,901,19e9794bfbc0e5b01e46,True,1,pilot-07
4,4,correct_feasible_plan,True,ordered_visits,9020,0,E,oracle,901,19e9794bfbc0e5b01e46,True,1,pilot-07
0,1,correct_feasible_plan,True,ordered_visits,2255,0,A,model,219,19e9794bfbc0e5b01e46,True,,pilot-07
0,4,correct_feasible_plan,True,timing,9032,0,D,model,520,1bd242b68e4b940009a7,True,2,pilot-08
0,4,correct_feasible_plan,True,timing,9032,0,D,oracle,520,1bd242b68e4b940009a7,True,2,pilot-08
1,5,correct_feasible_plan,True,timing,9638,1,D,model,587,1bd242b68e4b940009a7,True,1,pilot-08
1,4,correct_feasible_plan,True,timing,9032,1,D,oracle,520,1bd242b68e4b940009a7,True,1,pilot-08
2,5,correct_feasible_plan,True,timing,9638,1,D,model,587,1bd242b68e4b940009a7,True,1,pilot-08
2,4,correct_feasible_plan,True,timing,9032,1,D,oracle,520,1bd242b68e4b940009a7,True,1,pilot-08
4,5,correct_feasible_plan,True,timing,9638,1,D,model,587,1bd242b68e4b940009a7,True,1,pilot-08
4,4,correct_feasible_plan,True,timing,9032,1,D,oracle,520,1bd242b68e4b940009a7,True,1,pilot-08
0,4,correct_feasible_plan,True,timing,9032,0,E,model,520,1bd242b68e4b940009a7,True,2,pilot-08
0,4,correct_feasible_plan,True,timing,9032,0,E,oracle,520,1bd242b68e4b940009a7,True,2,pilot-08
1,5,correct_feasible_plan,True,timing,9638,1,E,model,587,1bd242b68e4b940009a7,True,1,pilot-08
1,4,correct_feasible_plan,True,timing,9032,1,E,oracle,520,1bd242b68e4b940009a7,True,1,pilot-08
2,5,correct_feasible_plan,True,timing,9638,1,E,model,587,1bd242b68e4b940009a7,True,1,pilot-08
2,4,correct_feasible_plan,True,timing,9032,1,E,oracle,520,1bd242b68e4b940009a7,True,1,pilot-08
4,5,correct_feasible_plan,True,timing,9638,1,E,model,587,1bd242b68e4b940009a7,True,1,pilot-08
4,4,correct_feasible_plan,True,timing,9032,1,E,oracle,520,1bd242b68e4b940009a7,True,1,pilot-08
0,1,correct_feasible_plan,True,timing,2258,0,A,model,127,1bd242b68e4b940009a7,True,,pilot-08
0,4,false_infeasibility,False,scope,9488,0,D,model,514,,True,1,pilot-09
0,4,false_infeasibility,False,scope,9488,0,D,oracle,514,,True,1,pilot-09
1,4,false_infeasibility,False,scope,9488,0,D,model,514,,True,1,pilot-09
1,4,false_infeasibility,False,scope,9488,0,D,oracle,514,,True,1,pilot-09
2,4,false_infeasibility,False,scope,9488,0,D,model,514,,True,1,pilot-09
2,4,false_infeasibility,False,scope,9488,0,D,oracle,514,,True,1,pilot-09
4,4,false_infeasibility,False,scope,9488,0,D,model,514,,True,1,pilot-09
4,4,false_infeasibility,False,scope,9488,0,D,oracle,514,,True,1,pilot-09
0,4,false_infeasibility,False,scope,9488,0,E,model,514,,True,1,pilot-09
0,4,false_infeasibility,False,scope,9488,0,E,oracle,514,,True,1,pilot-09
1,4,false_infeasibility,False,scope,9488,0,E,model,514,,True,1,pilot-09
1,4,false_infeasibility,False,scope,9488,0,E,oracle,514,,True,1,pilot-09
2,4,false_infeasibility,False,scope,9488,0,E,model,514,,True,1,pilot-09
2,4,false_infeasibility,False,scope,9488,0,E,oracle,514,,True,1,pilot-09
4,4,false_infeasibility,False,scope,9488,0,E,model,514,,True,1,pilot-09
4,4,false_infeasibility,False,scope,9488,0,E,oracle,514,,True,1,pilot-09
0,1,invalid_model_output,False,scope,2372,0,A,model,136,,True,,pilot-09
0,4,correct_infeasibility,True,infeasible,8928,0,D,model,672,,False,1,pilot-10
0,4,correct_infeasibility,True,infeasible,8928,0,D,oracle,672,,False,1,pilot-10
1,4,correct_infeasibility,True,infeasible,8928,0,D,model,672,,False,1,pilot-10
1,4,correct_infeasibility,True,infeasible,8928,0,D,oracle,672,,False,1,pilot-10
2,4,correct_infeasibility,True,infeasible,8928,0,D,model,672,,False,1,pilot-10
2,4,correct_infeasibility,True,infeasible,8928,0,D,oracle,672,,False,1,pilot-10
4,4,correct_infeasibility,True,infeasible,8928,0,D,model,672,,False,1,pilot-10
4,4,correct_infeasibility,True,infeasible,8928,0,D,oracle,672,,False,1,pilot-10
0,4,correct_infeasibility,True,infeasible,8928,0,E,model,672,,False,1,pilot-10
0,4,correct_infeasibility,True,infeasible,8928,0,E,oracle,672,,False,1,pilot-10
1,4,correct_infeasibility,True,infeasible,8928,0,E,model,672,,False,1,pilot-10
1,4,correct_infeasibility,True,infeasible,8928,0,E,oracle,672,,False,1,pilot-10
2,4,correct_infeasibility,True,infeasible,8928,0,E,model,672,,False,1,pilot-10
2,4,correct_infeasibility,True,infeasible,8928,0,E,oracle,672,,False,1,pilot-10
4,4,correct_infeasibility,True,infeasible,8928,0,E,model,672,,False,1,pilot-10
4,4,correct_infeasibility,True,infeasible,8928,0,E,oracle,672,,False,1,pilot-10
0,1,correct_infeasibility,True,infeasible,2232,0,A,model,168,,False,,pilot-10
0,4,correct_feasible_plan,True,transfers,9004,0,D,model,528,1483b040dc8ba4f200f8,True,1,pilot-11
0,4,correct_feasible_plan,True,transfers,9004,0,D,oracle,528,1483b040dc8ba4f200f8,True,1,pilot-11
1,4,correct_feasible_plan,True,transfers,9004,0,D,model,528,1483b040dc8ba4f200f8,True,1,pilot-11
1,4,correct_feasible_plan,True,transfers,9004,0,D,oracle,528,1483b040dc8ba4f200f8,True,1,pilot-11
2,4,correct_feasible_plan,True,transfers,9004,0,D,model,528,1483b040dc8ba4f200f8,True,1,pilot-11
2,4,correct_feasible_plan,True,transfers,9004,0,D,oracle,528,1483b040dc8ba4f200f8,True,1,pilot-11
4,4,correct_feasible_plan,True,transfers,9004,0,D,model,528,1483b040dc8ba4f200f8,True,1,pilot-11
4,4,correct_feasible_plan,True,transfers,9004,0,D,oracle,528,1483b040dc8ba4f200f8,True,1,pilot-11
0,4,correct_feasible_plan,True,transfers,9004,0,E,model,528,1483b040dc8ba4f200f8,True,1,pilot-11
0,4,correct_feasible_plan,True,transfers,9004,0,E,oracle,528,1483b040dc8ba4f200f8,True,1,pilot-11
1,4,correct_feasible_plan,True,transfers,9004,0,E,model,528,1483b040dc8ba4f200f8,True,1,pilot-11
1,4,correct_feasible_plan,True,transfers,9004,0,E,oracle,528,1483b040dc8ba4f200f8,True,1,pilot-11
2,4,correct_feasible_plan,True,transfers,9004,0,E,model,528,1483b040dc8ba4f200f8,True,1,pilot-11
2,4,correct_feasible_plan,True,transfers,9004,0,E,oracle,528,1483b040dc8ba4f200f8,True,1,pilot-11
4,4,correct_feasible_plan,True,transfers,9004,0,E,model,528,1483b040dc8ba4f200f8,True,1,pilot-11
4,4,correct_feasible_plan,True,transfers,9004,0,E,oracle,528,1483b040dc8ba4f200f8,True,1,pilot-11
0,1,correct_feasible_plan,True,transfers,2251,0,A,model,135,1483b040dc8ba4f200f8,True,,pilot-11
0,4,false_infeasibility,False,ordered_visits,9044,0,D,model,863,,True,2,pilot-12
0,4,false_infeasibility,False,ordered_visits,9044,0,D,oracle,863,,True,2,pilot-12
1,5,correct_feasible_plan,True,ordered_visits,9722,1,D,model,924,071622abdc3532fc0b1e,True,1,pilot-12
1,4,correct_feasible_plan,True,ordered_visits,9044,1,D,oracle,863,071622abdc3532fc0b1e,True,1,pilot-12
2,5,correct_feasible_plan,True,ordered_visits,9722,1,D,model,924,071622abdc3532fc0b1e,True,1,pilot-12
2,4,correct_feasible_plan,True,ordered_visits,9044,1,D,oracle,863,071622abdc3532fc0b1e,True,1,pilot-12
4,5,correct_feasible_plan,True,ordered_visits,9722,1,D,model,924,071622abdc3532fc0b1e,True,1,pilot-12
4,4,correct_feasible_plan,True,ordered_visits,9044,1,D,oracle,863,071622abdc3532fc0b1e,True,1,pilot-12
0,4,false_infeasibility,False,ordered_visits,9044,0,E,model,863,,True,2,pilot-12
0,4,false_infeasibility,False,ordered_visits,9044,0,E,oracle,863,,True,2,pilot-12
1,5,correct_feasible_plan,True,ordered_visits,9722,1,E,model,924,071622abdc3532fc0b1e,True,1,pilot-12
1,4,correct_feasible_plan,True,ordered_visits,9044,1,E,oracle,863,071622abdc3532fc0b1e,True,1,pilot-12
2,5,correct_feasible_plan,True,ordered_visits,9722,1,E,model,924,071622abdc3532fc0b1e,True,1,pilot-12
2,4,correct_feasible_plan,True,ordered_visits,9044,1,E,oracle,863,071622abdc3532fc0b1e,True,1,pilot-12
4,5,correct_feasible_plan,True,ordered_visits,9722,1,E,model,924,071622abdc3532fc0b1e,True,1,pilot-12
4,4,correct_feasible_plan,True,ordered_visits,9044,1,E,oracle,863,071622abdc3532fc0b1e,True,1,pilot-12
0,1,false_infeasibility,False,ordered_visits,2261,0,A,model,200,,True,,pilot-12
0,4,correct_feasible_plan,True,timing,9040,0,D,model,532,08e2cb13d652b47d6a32,True,2,pilot-13
0,4,correct_feasible_plan,True,timing,9040,0,D,oracle,532,08e2cb13d652b47d6a32,True,2,pilot-13
1,5,correct_feasible_plan,True,timing,9712,1,D,model,591,08e2cb13d652b47d6a32,True,1,pilot-13
1,4,correct_feasible_plan,True,timing,9040,1,D,oracle,532,08e2cb13d652b47d6a32,True,1,pilot-13
2,5,correct_feasible_plan,True,timing,9712,1,D,model,591,08e2cb13d652b47d6a32,True,1,pilot-13
2,4,correct_feasible_plan,True,timing,9040,1,D,oracle,532,08e2cb13d652b47d6a32,True,1,pilot-13
4,5,correct_feasible_plan,True,timing,9712,1,D,model,591,08e2cb13d652b47d6a32,True,1,pilot-13
4,4,correct_feasible_plan,True,timing,9040,1,D,oracle,532,08e2cb13d652b47d6a32,True,1,pilot-13
0,4,correct_feasible_plan,True,timing,9040,0,E,model,532,08e2cb13d652b47d6a32,True,2,pilot-13
0,4,correct_feasible_plan,True,timing,9040,0,E,oracle,532,08e2cb13d652b47d6a32,True,2,pilot-13
1,5,correct_feasible_plan,True,timing,9712,1,E,model,591,08e2cb13d652b47d6a32,True,1,pilot-13
1,4,correct_feasible_plan,True,timing,9040,1,E,oracle,532,08e2cb13d652b47d6a32,True,1,pilot-13
2,5,correct_feasible_plan,True,timing,9712,1,E,model,591,08e2cb13d652b47d6a32,True,1,pilot-13
2,4,correct_feasible_plan,True,timing,9040,1,E,oracle,532,08e2cb13d652b47d6a32,True,1,pilot-13
4,5,correct_feasible_plan,True,timing,9712,1,E,model,591,08e2cb13d652b47d6a32,True,1,pilot-13
4,4,correct_feasible_plan,True,timing,9040,1,E,oracle,532,08e2cb13d652b47d6a32,True,1,pilot-13
0,1,correct_feasible_plan,True,timing,2260,0,A,model,139,08e2cb13d652b47d6a32,True,,pilot-13
0,4,correct_feasible_plan,True,mode_exclusion,9052,0,D,model,705,061bb2461d52e2b76732,True,3,pilot-14
0,4,correct_feasible_plan,True,mode_exclusion,9052,0,D,oracle,705,061bb2461d52e2b76732,True,3,pilot-14
1,5,false_infeasibility,False,mode_exclusion,9735,1,D,model,800,,True,1,pilot-14
1,4,false_infeasibility,False,mode_exclusion,9052,1,D,oracle,705,,True,1,pilot-14
2,5,false_infeasibility,False,mode_exclusion,9735,1,D,model,800,,True,1,pilot-14
2,4,false_infeasibility,False,mode_exclusion,9052,1,D,oracle,705,,True,1,pilot-14
4,5,false_infeasibility,False,mode_exclusion,9735,1,D,model,800,,True,1,pilot-14
4,4,false_infeasibility,False,mode_exclusion,9052,1,D,oracle,705,,True,1,pilot-14
0,4,correct_feasible_plan,True,mode_exclusion,9052,0,E,model,705,061bb2461d52e2b76732,True,3,pilot-14
0,4,correct_feasible_plan,True,mode_exclusion,9052,0,E,oracle,705,061bb2461d52e2b76732,True,3,pilot-14
1,5,false_infeasibility,False,mode_exclusion,9735,1,E,model,800,,True,1,pilot-14
1,4,false_infeasibility,False,mode_exclusion,9052,1,E,oracle,705,,True,1,pilot-14
2,5,false_infeasibility,False,mode_exclusion,9735,1,E,model,800,,True,1,pilot-14
2,4,false_infeasibility,False,mode_exclusion,9052,1,E,oracle,705,,True,1,pilot-14
4,5,false_infeasibility,False,mode_exclusion,9735,1,E,model,800,,True,1,pilot-14
4,4,false_infeasibility,False,mode_exclusion,9052,1,E,oracle,705,,True,1,pilot-14
0,1,correct_feasible_plan,True,mode_exclusion,2263,0,A,model,167,061bb2461d52e2b76732,True,,pilot-14
0,4,invalid_model_output,False,infeasible,9044,0,D,model,198,,False,0,pilot-15
0,4,invalid_model_output,False,infeasible,9044,0,D,oracle,198,,False,0,pilot-15
1,4,invalid_model_output,False,infeasible,9044,0,D,model,198,,False,0,pilot-15
1,4,invalid_model_output,False,infeasible,9044,0,D,oracle,198,,False,0,pilot-15
2,4,invalid_model_output,False,infeasible,9044,0,D,model,198,,False,0,pilot-15
2,4,invalid_model_output,False,infeasible,9044,0,D,oracle,198,,False,0,pilot-15
4,4,invalid_model_output,False,infeasible,9044,0,D,model,198,,False,0,pilot-15
4,4,invalid_model_output,False,infeasible,9044,0,D,oracle,198,,False,0,pilot-15
0,4,invalid_model_output,False,infeasible,9044,0,E,model,198,,False,0,pilot-15
0,4,invalid_model_output,False,infeasible,9044,0,E,oracle,198,,False,0,pilot-15
1,4,invalid_model_output,False,infeasible,9044,0,E,model,198,,False,0,pilot-15
1,4,invalid_model_output,False,infeasible,9044,0,E,oracle,198,,False,0,pilot-15
2,4,invalid_model_output,False,infeasible,9044,0,E,model,198,,False,0,pilot-15
2,4,invalid_model_output,False,infeasible,9044,0,E,oracle,198,,False,0,pilot-15
4,4,invalid_model_output,False,infeasible,9044,0,E,model,198,,False,0,pilot-15
4,4,invalid_model_output,False,infeasible,9044,0,E,oracle,198,,False,0,pilot-15
0,1,invalid_model_output,False,infeasible,2261,0,A,model,45,,False,,pilot-15
0,4,correct_feasible_plan,True,transfers,8996,0,D,model,528,4d86024018420a6a0561,True,1,pilot-16
0,4,correct_feasible_plan,True,transfers,8996,0,D,oracle,528,4d86024018420a6a0561,True,1,pilot-16
1,4,correct_feasible_plan,True,transfers,8996,0,D,model,528,4d86024018420a6a0561,True,1,pilot-16
1,4,correct_feasible_plan,True,transfers,8996,0,D,oracle,528,4d86024018420a6a0561,True,1,pilot-16
2,4,correct_feasible_plan,True,transfers,8996,0,D,model,528,4d86024018420a6a0561,True,1,pilot-16
2,4,correct_feasible_plan,True,transfers,8996,0,D,oracle,528,4d86024018420a6a0561,True,1,pilot-16
4,4,correct_feasible_plan,True,transfers,8996,0,D,model,528,4d86024018420a6a0561,True,1,pilot-16
4,4,correct_feasible_plan,True,transfers,8996,0,D,oracle,528,4d86024018420a6a0561,True,1,pilot-16
0,4,correct_feasible_plan,True,transfers,8996,0,E,model,528,4d86024018420a6a0561,True,1,pilot-16
0,4,correct_feasible_plan,True,transfers,8996,0,E,oracle,528,4d86024018420a6a0561,True,1,pilot-16
1,4,correct_feasible_plan,True,transfers,8996,0,E,model,528,4d86024018420a6a0561,True,1,pilot-16
1,4,correct_feasible_plan,True,transfers,8996,0,E,oracle,528,4d86024018420a6a0561,True,1,pilot-16
2,4,correct_feasible_plan,True,transfers,8996,0,E,model,528,4d86024018420a6a0561,True,1,pilot-16
2,4,correct_feasible_plan,True,transfers,8996,0,E,oracle,528,4d86024018420a6a0561,True,1,pilot-16
4,4,correct_feasible_plan,True,transfers,8996,0,E,model,528,4d86024018420a6a0561,True,1,pilot-16
4,4,correct_feasible_plan,True,transfers,8996,0,E,oracle,528,4d86024018420a6a0561,True,1,pilot-16
0,1,correct_feasible_plan,True,transfers,2249,0,A,model,135,4d86024018420a6a0561,True,,pilot-16
0,4,correct_feasible_plan,True,scope,9480,0,D,model,496,3202db15cbf15a08e585,True,1,pilot-17
0,4,correct_feasible_plan,True,scope,9480,0,D,oracle,496,3202db15cbf15a08e585,True,1,pilot-17
1,4,correct_feasible_plan,True,scope,9480,0,D,model,496,3202db15cbf15a08e585,True,1,pilot-17
1,4,correct_feasible_plan,True,scope,9480,0,D,oracle,496,3202db15cbf15a08e585,True,1,pilot-17
2,4,correct_feasible_plan,True,scope,9480,0,D,model,496,3202db15cbf15a08e585,True,1,pilot-17
2,4,correct_feasible_plan,True,scope,9480,0,D,oracle,496,3202db15cbf15a08e585,True,1,pilot-17
4,4,correct_feasible_plan,True,scope,9480,0,D,model,496,3202db15cbf15a08e585,True,1,pilot-17
4,4,correct_feasible_plan,True,scope,9480,0,D,oracle,496,3202db15cbf15a08e585,True,1,pilot-17
0,4,correct_feasible_plan,True,scope,9480,0,E,model,496,3202db15cbf15a08e585,True,1,pilot-17
0,4,correct_feasible_plan,True,scope,9480,0,E,oracle,496,3202db15cbf15a08e585,True,1,pilot-17
1,4,correct_feasible_plan,True,scope,9480,0,E,model,496,3202db15cbf15a08e585,True,1,pilot-17
1,4,correct_feasible_plan,True,scope,9480,0,E,oracle,496,3202db15cbf15a08e585,True,1,pilot-17
2,4,correct_feasible_plan,True,scope,9480,0,E,model,496,3202db15cbf15a08e585,True,1,pilot-17
2,4,correct_feasible_plan,True,scope,9480,0,E,oracle,496,3202db15cbf15a08e585,True,1,pilot-17
4,4,correct_feasible_plan,True,scope,9480,0,E,model,496,3202db15cbf15a08e585,True,1,pilot-17
4,4,correct_feasible_plan,True,scope,9480,0,E,oracle,496,3202db15cbf15a08e585,True,1,pilot-17
0,1,correct_feasible_plan,True,scope,2370,0,A,model,121,3202db15cbf15a08e585,True,,pilot-17
0,4,correct_feasible_plan,True,timing,9040,0,D,model,521,12b051372ba2bb22cd12,True,2,pilot-18
0,4,correct_feasible_plan,True,timing,9040,0,D,oracle,521,12b051372ba2bb22cd12,True,2,pilot-18
1,5,correct_feasible_plan,True,timing,9676,1,D,model,573,12b051372ba2bb22cd12,True,1,pilot-18
1,4,correct_feasible_plan,True,timing,9040,1,D,oracle,521,12b051372ba2bb22cd12,True,1,pilot-18
2,5,correct_feasible_plan,True,timing,9676,1,D,model,573,12b051372ba2bb22cd12,True,1,pilot-18
2,4,correct_feasible_plan,True,timing,9040,1,D,oracle,521,12b051372ba2bb22cd12,True,1,pilot-18
4,5,correct_feasible_plan,True,timing,9676,1,D,model,573,12b051372ba2bb22cd12,True,1,pilot-18
4,4,correct_feasible_plan,True,timing,9040,1,D,oracle,521,12b051372ba2bb22cd12,True,1,pilot-18
0,4,correct_feasible_plan,True,timing,9040,0,E,model,521,12b051372ba2bb22cd12,True,2,pilot-18
0,4,correct_feasible_plan,True,timing,9040,0,E,oracle,521,12b051372ba2bb22cd12,True,2,pilot-18
1,5,correct_feasible_plan,True,timing,9676,1,E,model,573,12b051372ba2bb22cd12,True,1,pilot-18
1,4,correct_feasible_plan,True,timing,9040,1,E,oracle,521,12b051372ba2bb22cd12,True,1,pilot-18
2,5,correct_feasible_plan,True,timing,9676,1,E,model,573,12b051372ba2bb22cd12,True,1,pilot-18
2,4,correct_feasible_plan,True,timing,9040,1,E,oracle,521,12b051372ba2bb22cd12,True,1,pilot-18
4,5,correct_feasible_plan,True,timing,9676,1,E,model,573,12b051372ba2bb22cd12,True,1,pilot-18
4,4,correct_feasible_plan,True,timing,9040,1,E,oracle,521,12b051372ba2bb22cd12,True,1,pilot-18
0,1,correct_feasible_plan,True,timing,2260,0,A,model,127,12b051372ba2bb22cd12,True,,pilot-18
0,4,incorrect_plan,False,mode_exclusion,9044,0,D,model,704,2ecab41b2ff3eaf43736,True,1,pilot-19
0,4,incorrect_plan,False,mode_exclusion,9044,0,D,oracle,704,2ecab41b2ff3eaf43736,True,1,pilot-19
1,4,incorrect_plan,False,mode_exclusion,9044,0,D,model,704,2ecab41b2ff3eaf43736,True,1,pilot-19
1,4,incorrect_plan,False,mode_exclusion,9044,0,D,oracle,704,2ecab41b2ff3eaf43736,True,1,pilot-19
2,4,incorrect_plan,False,mode_exclusion,9044,0,D,model,704,2ecab41b2ff3eaf43736,True,1,pilot-19
2,4,incorrect_plan,False,mode_exclusion,9044,0,D,oracle,704,2ecab41b2ff3eaf43736,True,1,pilot-19
4,4,incorrect_plan,False,mode_exclusion,9044,0,D,model,704,2ecab41b2ff3eaf43736,True,1,pilot-19
4,4,incorrect_plan,False,mode_exclusion,9044,0,D,oracle,704,2ecab41b2ff3eaf43736,True,1,pilot-19
0,4,incorrect_plan,False,mode_exclusion,9044,0,E,model,704,2ecab41b2ff3eaf43736,True,1,pilot-19
0,4,incorrect_plan,False,mode_exclusion,9044,0,E,oracle,704,2ecab41b2ff3eaf43736,True,1,pilot-19
1,4,incorrect_plan,False,mode_exclusion,9044,0,E,model,704,2ecab41b2ff3eaf43736,True,1,pilot-19
1,4,incorrect_plan,False,mode_exclusion,9044,0,E,oracle,704,2ecab41b2ff3eaf43736,True,1,pilot-19
2,4,incorrect_plan,False,mode_exclusion,9044,0,E,model,704,2ecab41b2ff3eaf43736,True,1,pilot-19
2,4,incorrect_plan,False,mode_exclusion,9044,0,E,oracle,704,2ecab41b2ff3eaf43736,True,1,pilot-19
4,4,incorrect_plan,False,mode_exclusion,9044,0,E,model,704,2ecab41b2ff3eaf43736,True,1,pilot-19
4,4,incorrect_plan,False,mode_exclusion,9044,0,E,oracle,704,2ecab41b2ff3eaf43736,True,1,pilot-19
0,1,incorrect_plan,False,mode_exclusion,2261,0,A,model,185,2ecab41b2ff3eaf43736,True,,pilot-19
0,4,correct_feasible_plan,True,ordered_visits,9044,0,D,model,777,232acddf37f42b365aee,True,3,pilot-20
0,4,correct_feasible_plan,True,ordered_visits,9044,0,D,oracle,777,232acddf37f42b365aee,True,3,pilot-20
1,5,correct_feasible_plan,True,ordered_visits,9762,1,D,model,832,232acddf37f42b365aee,True,2,pilot-20
1,4,correct_feasible_plan,True,ordered_visits,9044,1,D,oracle,777,232acddf37f42b365aee,True,2,pilot-20
2,6,correct_feasible_plan,True,ordered_visits,10481,2,D,model,925,232acddf37f42b365aee,True,1,pilot-20
2,4,correct_feasible_plan,True,ordered_visits,9044,2,D,oracle,777,232acddf37f42b365aee,True,1,pilot-20
4,6,correct_feasible_plan,True,ordered_visits,10481,2,D,model,925,232acddf37f42b365aee,True,1,pilot-20
4,4,correct_feasible_plan,True,ordered_visits,9044,2,D,oracle,777,232acddf37f42b365aee,True,1,pilot-20
0,4,correct_feasible_plan,True,ordered_visits,9044,0,E,model,777,232acddf37f42b365aee,True,3,pilot-20
0,4,correct_feasible_plan,True,ordered_visits,9044,0,E,oracle,777,232acddf37f42b365aee,True,3,pilot-20
1,5,correct_feasible_plan,True,ordered_visits,9762,1,E,model,832,232acddf37f42b365aee,True,2,pilot-20
1,4,correct_feasible_plan,True,ordered_visits,9044,1,E,oracle,777,232acddf37f42b365aee,True,2,pilot-20
2,6,correct_feasible_plan,True,ordered_visits,10481,2,E,model,925,232acddf37f42b365aee,True,1,pilot-20
2,4,correct_feasible_plan,True,ordered_visits,9044,2,E,oracle,777,232acddf37f42b365aee,True,1,pilot-20
4,6,correct_feasible_plan,True,ordered_visits,10481,2,E,model,925,232acddf37f42b365aee,True,1,pilot-20
4,4,correct_feasible_plan,True,ordered_visits,9044,2,E,oracle,777,232acddf37f42b365aee,True,1,pilot-20
0,1,correct_feasible_plan,True,ordered_visits,2261,0,A,model,191,232acddf37f42b365aee,True,,pilot-20
0,4,correct_feasible_plan,True,transfers,9012,0,D,model,516,a74f125439a90f15569c,True,2,pilot-21
0,4,correct_feasible_plan,True,transfers,9012,0,D,oracle,516,a74f125439a90f15569c,True,2,pilot-21
1,5,correct_feasible_plan,True,transfers,9800,1,D,model,574,a74f125439a90f15569c,True,1,pilot-21
1,4,correct_feasible_plan,True,transfers,9012,1,D,oracle,516,a74f125439a90f15569c,True,1,pilot-21
2,5,correct_feasible_plan,True,transfers,9800,1,D,model,574,a74f125439a90f15569c,True,1,pilot-21
2,4,correct_feasible_plan,True,transfers,9012,1,D,oracle,516,a74f125439a90f15569c,True,1,pilot-21
4,5,correct_feasible_plan,True,transfers,9800,1,D,model,574,a74f125439a90f15569c,True,1,pilot-21
4,4,correct_feasible_plan,True,transfers,9012,1,D,oracle,516,a74f125439a90f15569c,True,1,pilot-21
0,4,correct_feasible_plan,True,transfers,9012,0,E,model,516,a74f125439a90f15569c,True,2,pilot-21
0,4,correct_feasible_plan,True,transfers,9012,0,E,oracle,516,a74f125439a90f15569c,True,2,pilot-21
1,5,correct_feasible_plan,True,transfers,9800,1,E,model,574,a74f125439a90f15569c,True,1,pilot-21
1,4,correct_feasible_plan,True,transfers,9012,1,E,oracle,516,a74f125439a90f15569c,True,1,pilot-21
2,5,correct_feasible_plan,True,transfers,9800,1,E,model,574,a74f125439a90f15569c,True,1,pilot-21
2,4,correct_feasible_plan,True,transfers,9012,1,E,oracle,516,a74f125439a90f15569c,True,1,pilot-21
4,5,correct_feasible_plan,True,transfers,9800,1,E,model,574,a74f125439a90f15569c,True,1,pilot-21
4,4,correct_feasible_plan,True,transfers,9012,1,E,oracle,516,a74f125439a90f15569c,True,1,pilot-21
0,1,correct_feasible_plan,True,transfers,2253,0,A,model,135,a74f125439a90f15569c,True,,pilot-21
0,4,false_infeasibility,False,scope,9504,0,D,model,685,,True,1,pilot-22
0,4,false_infeasibility,False,scope,9504,0,D,oracle,685,,True,1,pilot-22
1,4,false_infeasibility,False,scope,9504,0,D,model,685,,True,1,pilot-22
1,4,false_infeasibility,False,scope,9504,0,D,oracle,685,,True,1,pilot-22
2,4,false_infeasibility,False,scope,9504,0,D,model,685,,True,1,pilot-22
2,4,false_infeasibility,False,scope,9504,0,D,oracle,685,,True,1,pilot-22
4,4,false_infeasibility,False,scope,9504,0,D,model,685,,True,1,pilot-22
4,4,false_infeasibility,False,scope,9504,0,D,oracle,685,,True,1,pilot-22
0,4,false_infeasibility,False,scope,9504,0,E,model,685,,True,1,pilot-22
0,4,false_infeasibility,False,scope,9504,0,E,oracle,685,,True,1,pilot-22
1,4,false_infeasibility,False,scope,9504,0,E,model,685,,True,1,pilot-22
1,4,false_infeasibility,False,scope,9504,0,E,oracle,685,,True,1,pilot-22
2,4,false_infeasibility,False,scope,9504,0,E,model,685,,True,1,pilot-22
2,4,false_infeasibility,False,scope,9504,0,E,oracle,685,,True,1,pilot-22
4,4,false_infeasibility,False,scope,9504,0,E,model,685,,True,1,pilot-22
4,4,false_infeasibility,False,scope,9504,0,E,oracle,685,,True,1,pilot-22
0,1,false_infeasibility,False,scope,2376,0,A,model,166,,True,,pilot-22
0,4,invalid_model_output,False,infeasible,9044,0,D,model,174,,False,0,pilot-23
0,4,invalid_model_output,False,infeasible,9044,0,D,oracle,174,,False,0,pilot-23
1,4,invalid_model_output,False,infeasible,9044,0,D,model,174,,False,0,pilot-23
1,4,invalid_model_output,False,infeasible,9044,0,D,oracle,174,,False,0,pilot-23
2,4,invalid_model_output,False,infeasible,9044,0,D,model,174,,False,0,pilot-23
2,4,invalid_model_output,False,infeasible,9044,0,D,oracle,174,,False,0,pilot-23
4,4,invalid_model_output,False,infeasible,9044,0,D,model,174,,False,0,pilot-23
4,4,invalid_model_output,False,infeasible,9044,0,D,oracle,174,,False,0,pilot-23
0,4,invalid_model_output,False,infeasible,9044,0,E,model,174,,False,0,pilot-23
0,4,invalid_model_output,False,infeasible,9044,0,E,oracle,174,,False,0,pilot-23
1,4,invalid_model_output,False,infeasible,9044,0,E,model,174,,False,0,pilot-23
1,4,invalid_model_output,False,infeasible,9044,0,E,oracle,174,,False,0,pilot-23
2,4,invalid_model_output,False,infeasible,9044,0,E,model,174,,False,0,pilot-23
2,4,invalid_model_output,False,infeasible,9044,0,E,oracle,174,,False,0,pilot-23
4,4,invalid_model_output,False,infeasible,9044,0,E,model,174,,False,0,pilot-23
4,4,invalid_model_output,False,infeasible,9044,0,E,oracle,174,,False,0,pilot-23
0,1,invalid_model_output,False,infeasible,2261,0,A,model,45,,False,,pilot-23
0,4,incorrect_plan,False,mode_exclusion,9044,0,D,model,704,27be9fd50f3748ae5bd3,True,3,pilot-24
0,4,incorrect_plan,False,mode_exclusion,9044,0,D,oracle,704,27be9fd50f3748ae5bd3,True,3,pilot-24
1,5,correct_feasible_plan,True,mode_exclusion,9610,1,D,model,792,05199a5a66b044a97367,True,1,pilot-24
1,4,correct_feasible_plan,True,mode_exclusion,9044,1,D,oracle,704,05199a5a66b044a97367,True,1,pilot-24
2,5,correct_feasible_plan,True,mode_exclusion,9610,1,D,model,792,05199a5a66b044a97367,True,1,pilot-24
2,4,correct_feasible_plan,True,mode_exclusion,9044,1,D,oracle,704,05199a5a66b044a97367,True,1,pilot-24
4,5,correct_feasible_plan,True,mode_exclusion,9610,1,D,model,792,05199a5a66b044a97367,True,1,pilot-24
4,4,correct_feasible_plan,True,mode_exclusion,9044,1,D,oracle,704,05199a5a66b044a97367,True,1,pilot-24
0,4,incorrect_plan,False,mode_exclusion,9044,0,E,model,704,27be9fd50f3748ae5bd3,True,3,pilot-24
0,4,incorrect_plan,False,mode_exclusion,9044,0,E,oracle,704,27be9fd50f3748ae5bd3,True,3,pilot-24
1,5,correct_feasible_plan,True,mode_exclusion,9610,1,E,model,792,05199a5a66b044a97367,True,1,pilot-24
1,4,correct_feasible_plan,True,mode_exclusion,9044,1,E,oracle,704,05199a5a66b044a97367,True,1,pilot-24
2,5,correct_feasible_plan,True,mode_exclusion,9610,1,E,model,792,05199a5a66b044a97367,True,1,pilot-24
2,4,correct_feasible_plan,True,mode_exclusion,9044,1,E,oracle,704,05199a5a66b044a97367,True,1,pilot-24
4,5,correct_feasible_plan,True,mode_exclusion,9610,1,E,model,792,05199a5a66b044a97367,True,1,pilot-24
4,4,correct_feasible_plan,True,mode_exclusion,9044,1,E,oracle,704,05199a5a66b044a97367,True,1,pilot-24
0,1,incorrect_plan,False,mode_exclusion,2261,0,A,model,185,27be9fd50f3748ae5bd3,True,,pilot-24
0,4,false_infeasibility,False,ordered_visits,9036,0,D,model,908,,True,2,pilot-25
0,4,false_infeasibility,False,ordered_visits,9036,0,D,oracle,908,,True,2,pilot-25
1,5,correct_feasible_plan,True,ordered_visits,9633,1,D,model,963,2bce97fc17163394687f,True,1,pilot-25
1,4,correct_feasible_plan,True,ordered_visits,9036,1,D,oracle,908,2bce97fc17163394687f,True,1,pilot-25
2,5,correct_feasible_plan,True,ordered_visits,9633,1,D,model,963,2bce97fc17163394687f,True,1,pilot-25
2,4,correct_feasible_plan,True,ordered_visits,9036,1,D,oracle,908,2bce97fc17163394687f,True,1,pilot-25
4,5,correct_feasible_plan,True,ordered_visits,9633,1,D,model,963,2bce97fc17163394687f,True,1,pilot-25
4,4,correct_feasible_plan,True,ordered_visits,9036,1,D,oracle,908,2bce97fc17163394687f,True,1,pilot-25
0,4,false_infeasibility,False,ordered_visits,9036,0,E,model,908,,True,2,pilot-25
0,4,false_infeasibility,False,ordered_visits,9036,0,E,oracle,908,,True,2,pilot-25
1,5,correct_feasible_plan,True,ordered_visits,9633,1,E,model,963,2bce97fc17163394687f,True,1,pilot-25
1,4,correct_feasible_plan,True,ordered_visits,9036,1,E,oracle,908,2bce97fc17163394687f,True,1,pilot-25
2,5,correct_feasible_plan,True,ordered_visits,9633,1,E,model,963,2bce97fc17163394687f,True,1,pilot-25
2,4,correct_feasible_plan,True,ordered_visits,9036,1,E,oracle,908,2bce97fc17163394687f,True,1,pilot-25
4,5,correct_feasible_plan,True,ordered_visits,9633,1,E,model,963,2bce97fc17163394687f,True,1,pilot-25
4,4,correct_feasible_plan,True,ordered_visits,9036,1,E,oracle,908,2bce97fc17163394687f,True,1,pilot-25
0,1,false_infeasibility,False,ordered_visits,2259,0,A,model,268,,True,,pilot-25
0,4,correct_feasible_plan,True,timing,9040,0,D,model,520,4d149284ebebab02f59b,True,2,pilot-26
0,4,correct_feasible_plan,True,timing,9040,0,D,oracle,520,4d149284ebebab02f59b,True,2,pilot-26
1,5,correct_feasible_plan,True,timing,9645,1,D,model,582,9c48be15db2147416e55,True,1,pilot-26
1,4,correct_feasible_plan,True,timing,9040,1,D,oracle,520,9c48be15db2147416e55,True,1,pilot-26
2,5,correct_feasible_plan,True,timing,9645,1,D,model,582,9c48be15db2147416e55,True,1,pilot-26
2,4,correct_feasible_plan,True,timing,9040,1,D,oracle,520,9c48be15db2147416e55,True,1,pilot-26
4,5,correct_feasible_plan,True,timing,9645,1,D,model,582,9c48be15db2147416e55,True,1,pilot-26
4,4,correct_feasible_plan,True,timing,9040,1,D,oracle,520,9c48be15db2147416e55,True,1,pilot-26
0,4,correct_feasible_plan,True,timing,9040,0,E,model,520,4d149284ebebab02f59b,True,2,pilot-26
0,4,correct_feasible_plan,True,timing,9040,0,E,oracle,520,4d149284ebebab02f59b,True,2,pilot-26
1,5,correct_feasible_plan,True,timing,9645,1,E,model,582,9c48be15db2147416e55,True,1,pilot-26
1,4,correct_feasible_plan,True,timing,9040,1,E,oracle,520,9c48be15db2147416e55,True,1,pilot-26
2,5,correct_feasible_plan,True,timing,9645,1,E,model,582,9c48be15db2147416e55,True,1,pilot-26
2,4,correct_feasible_plan,True,timing,9040,1,E,oracle,520,9c48be15db2147416e55,True,1,pilot-26
4,5,correct_feasible_plan,True,timing,9645,1,E,model,582,9c48be15db2147416e55,True,1,pilot-26
4,4,correct_feasible_plan,True,timing,9040,1,E,oracle,520,9c48be15db2147416e55,True,1,pilot-26
0,1,correct_feasible_plan,True,timing,2260,0,A,model,127,4d149284ebebab02f59b,True,,pilot-26
0,4,false_infeasibility,False,scope,9516,0,D,model,499,,True,2,pilot-27
0,4,false_infeasibility,False,scope,9516,0,D,oracle,499,,True,2,pilot-27
1,5,incorrect_plan,False,scope,10514,1,D,model,558,0ccdf17de23687ac121f,True,1,pilot-27
1,4,false_infeasibility,False,scope,9516,1,D,oracle,499,,True,1,pilot-27
2,5,incorrect_plan,False,scope,10514,1,D,model,558,0ccdf17de23687ac121f,True,1,pilot-27
2,4,false_infeasibility,False,scope,9516,1,D,oracle,499,,True,1,pilot-27
4,5,incorrect_plan,False,scope,10514,1,D,model,558,0ccdf17de23687ac121f,True,1,pilot-27
4,4,false_infeasibility,False,scope,9516,1,D,oracle,499,,True,1,pilot-27
0,4,false_infeasibility,False,scope,9516,0,E,model,499,,True,2,pilot-27
0,4,false_infeasibility,False,scope,9516,0,E,oracle,499,,True,2,pilot-27
1,5,incorrect_plan,False,scope,10514,1,E,model,558,0ccdf17de23687ac121f,True,1,pilot-27
1,4,false_infeasibility,False,scope,9516,1,E,oracle,499,,True,1,pilot-27
2,5,incorrect_plan,False,scope,10514,1,E,model,558,0ccdf17de23687ac121f,True,1,pilot-27
2,4,false_infeasibility,False,scope,9516,1,E,oracle,499,,True,1,pilot-27
4,5,incorrect_plan,False,scope,10514,1,E,model,558,0ccdf17de23687ac121f,True,1,pilot-27
4,4,false_infeasibility,False,scope,9516,1,E,oracle,499,,True,1,pilot-27
0,1,false_infeasibility,False,scope,2379,0,A,model,122,,True,,pilot-27
0,4,correct_infeasibility,True,infeasible,8924,0,D,model,690,,False,1,pilot-28
0,4,correct_infeasibility,True,infeasible,8924,0,D,oracle,690,,False,1,pilot-28
1,4,correct_infeasibility,True,infeasible,8924,0,D,model,690,,False,1,pilot-28
1,4,correct_infeasibility,True,infeasible,8924,0,D,oracle,690,,False,1,pilot-28
2,4,correct_infeasibility,True,infeasible,8924,0,D,model,690,,False,1,pilot-28
2,4,correct_infeasibility,True,infeasible,8924,0,D,oracle,690,,False,1,pilot-28
4,4,correct_infeasibility,True,infeasible,8924,0,D,model,690,,False,1,pilot-28
4,4,correct_infeasibility,True,infeasible,8924,0,D,oracle,690,,False,1,pilot-28
0,4,correct_infeasibility,True,infeasible,8924,0,E,model,690,,False,1,pilot-28
0,4,correct_infeasibility,True,infeasible,8924,0,E,oracle,690,,False,1,pilot-28
1,4,correct_infeasibility,True,infeasible,8924,0,E,model,690,,False,1,pilot-28
1,4,correct_infeasibility,True,infeasible,8924,0,E,oracle,690,,False,1,pilot-28
2,4,correct_infeasibility,True,infeasible,8924,0,E,model,690,,False,1,pilot-28
2,4,correct_infeasibility,True,infeasible,8924,0,E,oracle,690,,False,1,pilot-28
4,4,correct_infeasibility,True,infeasible,8924,0,E,model,690,,False,1,pilot-28
4,4,correct_infeasibility,True,infeasible,8924,0,E,oracle,690,,False,1,pilot-28
0,1,correct_infeasibility,True,infeasible,2231,0,A,model,168,,False,,pilot-28
0,4,correct_feasible_plan,True,transfers,9000,0,D,model,540,12b48372fefc1a7c9bd9,True,1,pilot-29
0,4,correct_feasible_plan,True,transfers,9000,0,D,oracle,540,12b48372fefc1a7c9bd9,True,1,pilot-29
1,4,correct_feasible_plan,True,transfers,9000,0,D,model,540,12b48372fefc1a7c9bd9,True,1,pilot-29
1,4,correct_feasible_plan,True,transfers,9000,0,D,oracle,540,12b48372fefc1a7c9bd9,True,1,pilot-29
2,4,correct_feasible_plan,True,transfers,9000,0,D,model,540,12b48372fefc1a7c9bd9,True,1,pilot-29
2,4,correct_feasible_plan,True,transfers,9000,0,D,oracle,540,12b48372fefc1a7c9bd9,True,1,pilot-29
4,4,correct_feasible_plan,True,transfers,9000,0,D,model,540,12b48372fefc1a7c9bd9,True,1,pilot-29
4,4,correct_feasible_plan,True,transfers,9000,0,D,oracle,540,12b48372fefc1a7c9bd9,True,1,pilot-29
0,4,correct_feasible_plan,True,transfers,9000,0,E,model,540,12b48372fefc1a7c9bd9,True,1,pilot-29
0,4,correct_feasible_plan,True,transfers,9000,0,E,oracle,540,12b48372fefc1a7c9bd9,True,1,pilot-29
1,4,correct_feasible_plan,True,transfers,9000,0,E,model,540,12b48372fefc1a7c9bd9,True,1,pilot-29
1,4,correct_feasible_plan,True,transfers,9000,0,E,oracle,540,12b48372fefc1a7c9bd9,True,1,pilot-29
2,4,correct_feasible_plan,True,transfers,9000,0,E,model,540,12b48372fefc1a7c9bd9,True,1,pilot-29
2,4,correct_feasible_plan,True,transfers,9000,0,E,oracle,540,12b48372fefc1a7c9bd9,True,1,pilot-29
4,4,correct_feasible_plan,True,transfers,9000,0,E,model,540,12b48372fefc1a7c9bd9,True,1,pilot-29
4,4,correct_feasible_plan,True,transfers,9000,0,E,oracle,540,12b48372fefc1a7c9bd9,True,1,pilot-29
0,1,correct_feasible_plan,True,transfers,2250,0,A,model,135,12b48372fefc1a7c9bd9,True,,pilot-29
0,4,correct_feasible_plan,True,ordered_visits,9036,0,D,model,956,010472eee2cf6c81e0c3,True,2,pilot-30
0,4,correct_feasible_plan,True,ordered_visits,9036,0,D,oracle,956,010472eee2cf6c81e0c3,True,2,pilot-30
1,5,correct_feasible_plan,True,ordered_visits,9634,1,D,model,1021,010472eee2cf6c81e0c3,True,1,pilot-30
1,4,correct_feasible_plan,True,ordered_visits,9036,1,D,oracle,956,010472eee2cf6c81e0c3,True,1,pilot-30
2,5,correct_feasible_plan,True,ordered_visits,9634,1,D,model,1021,010472eee2cf6c81e0c3,True,1,pilot-30
2,4,correct_feasible_plan,True,ordered_visits,9036,1,D,oracle,956,010472eee2cf6c81e0c3,True,1,pilot-30
4,5,correct_feasible_plan,True,ordered_visits,9634,1,D,model,1021,010472eee2cf6c81e0c3,True,1,pilot-30
4,4,correct_feasible_plan,True,ordered_visits,9036,1,D,oracle,956,010472eee2cf6c81e0c3,True,1,pilot-30
0,4,correct_feasible_plan,True,ordered_visits,9036,0,E,model,956,010472eee2cf6c81e0c3,True,2,pilot-30
0,4,correct_feasible_plan,True,ordered_visits,9036,0,E,oracle,956,010472eee2cf6c81e0c3,True,2,pilot-30
1,5,correct_feasible_plan,True,ordered_visits,9634,1,E,model,1021,010472eee2cf6c81e0c3,True,1,pilot-30
1,4,correct_feasible_plan,True,ordered_visits,9036,1,E,oracle,956,010472eee2cf6c81e0c3,True,1,pilot-30
2,5,correct_feasible_plan,True,ordered_visits,9634,1,E,model,1021,010472eee2cf6c81e0c3,True,1,pilot-30
2,4,correct_feasible_plan,True,ordered_visits,9036,1,E,oracle,956,010472eee2cf6c81e0c3,True,1,pilot-30
4,5,correct_feasible_plan,True,ordered_visits,9634,1,E,model,1021,010472eee2cf6c81e0c3,True,1,pilot-30
4,4,correct_feasible_plan,True,ordered_visits,9036,1,E,oracle,956,010472eee2cf6c81e0c3,True,1,pilot-30
0,1,correct_feasible_plan,True,ordered_visits,2259,0,A,model,261,010472eee2cf6c81e0c3,True,,pilot-30
0,4,correct_feasible_plan,True,timing,9032,0,D,model,532,4295f3ea23e2bc8a76cf,True,1,pilot-31
0,4,correct_feasible_plan,True,timing,9032,0,D,oracle,532,4295f3ea23e2bc8a76cf,True,1,pilot-31
1,4,correct_feasible_plan,True,timing,9032,0,D,model,532,4295f3ea23e2bc8a76cf,True,1,pilot-31
1,4,correct_feasible_plan,True,timing,9032,0,D,oracle,532,4295f3ea23e2bc8a76cf,True,1,pilot-31
2,4,correct_feasible_plan,True,timing,9032,0,D,model,532,4295f3ea23e2bc8a76cf,True,1,pilot-31
2,4,correct_feasible_plan,True,timing,9032,0,D,oracle,532,4295f3ea23e2bc8a76cf,True,1,pilot-31
4,4,correct_feasible_plan,True,timing,9032,0,D,model,532,4295f3ea23e2bc8a76cf,True,1,pilot-31
4,4,correct_feasible_plan,True,timing,9032,0,D,oracle,532,4295f3ea23e2bc8a76cf,True,1,pilot-31
0,4,correct_feasible_plan,True,timing,9032,0,E,model,532,4295f3ea23e2bc8a76cf,True,1,pilot-31
0,4,correct_feasible_plan,True,timing,9032,0,E,oracle,532,4295f3ea23e2bc8a76cf,True,1,pilot-31
1,4,correct_feasible_plan,True,timing,9032,0,E,model,532,4295f3ea23e2bc8a76cf,True,1,pilot-31
1,4,correct_feasible_plan,True,timing,9032,0,E,oracle,532,4295f3ea23e2bc8a76cf,True,1,pilot-31
2,4,correct_feasible_plan,True,timing,9032,0,E,model,532,4295f3ea23e2bc8a76cf,True,1,pilot-31
2,4,correct_feasible_plan,True,timing,9032,0,E,oracle,532,4295f3ea23e2bc8a76cf,True,1,pilot-31
4,4,correct_feasible_plan,True,timing,9032,0,E,model,532,4295f3ea23e2bc8a76cf,True,1,pilot-31
4,4,correct_feasible_plan,True,timing,9032,0,E,oracle,532,4295f3ea23e2bc8a76cf,True,1,pilot-31
0,1,correct_feasible_plan,True,timing,2258,0,A,model,139,4295f3ea23e2bc8a76cf,True,,pilot-31
0,4,correct_feasible_plan,True,mode_exclusion,9052,0,D,model,686,8b422de494543afacba4,True,2,pilot-32
0,4,correct_feasible_plan,True,mode_exclusion,9052,0,D,oracle,686,8b422de494543afacba4,True,2,pilot-32
1,5,correct_feasible_plan,True,mode_exclusion,9701,1,D,model,762,dd6cd859e42b9fcf6ac5,True,1,pilot-32
1,4,correct_feasible_plan,True,mode_exclusion,9052,1,D,oracle,686,dd6cd859e42b9fcf6ac5,True,1,pilot-32
2,5,correct_feasible_plan,True,mode_exclusion,9701,1,D,model,762,dd6cd859e42b9fcf6ac5,True,1,pilot-32
2,4,correct_feasible_plan,True,mode_exclusion,9052,1,D,oracle,686,dd6cd859e42b9fcf6ac5,True,1,pilot-32
4,5,correct_feasible_plan,True,mode_exclusion,9701,1,D,model,762,dd6cd859e42b9fcf6ac5,True,1,pilot-32
4,4,correct_feasible_plan,True,mode_exclusion,9052,1,D,oracle,686,dd6cd859e42b9fcf6ac5,True,1,pilot-32
0,4,correct_feasible_plan,True,mode_exclusion,9052,0,E,model,686,8b422de494543afacba4,True,2,pilot-32
0,4,correct_feasible_plan,True,mode_exclusion,9052,0,E,oracle,686,8b422de494543afacba4,True,2,pilot-32
1,5,correct_feasible_plan,True,mode_exclusion,9701,1,E,model,762,dd6cd859e42b9fcf6ac5,True,1,pilot-32
1,4,correct_feasible_plan,True,mode_exclusion,9052,1,E,oracle,686,dd6cd859e42b9fcf6ac5,True,1,pilot-32
2,5,correct_feasible_plan,True,mode_exclusion,9701,1,E,model,762,dd6cd859e42b9fcf6ac5,True,1,pilot-32
2,4,correct_feasible_plan,True,mode_exclusion,9052,1,E,oracle,686,dd6cd859e42b9fcf6ac5,True,1,pilot-32
4,5,correct_feasible_plan,True,mode_exclusion,9701,1,E,model,762,dd6cd859e42b9fcf6ac5,True,1,pilot-32
4,4,correct_feasible_plan,True,mode_exclusion,9052,1,E,oracle,686,dd6cd859e42b9fcf6ac5,True,1,pilot-32
0,1,correct_feasible_plan,True,mode_exclusion,2263,0,A,model,167,8b422de494543afacba4,True,,pilot-32
0,4,invalid_model_output,False,infeasible,9032,0,D,model,171,,False,0,pilot-33
0,4,invalid_model_output,False,infeasible,9032,0,D,oracle,171,,False,0,pilot-33
1,4,invalid_model_output,False,infeasible,9032,0,D,model,171,,False,0,pilot-33
1,4,invalid_model_output,False,infeasible,9032,0,D,oracle,171,,False,0,pilot-33
2,4,invalid_model_output,False,infeasible,9032,0,D,model,171,,False,0,pilot-33
2,4,invalid_model_output,False,infeasible,9032,0,D,oracle,171,,False,0,pilot-33
4,4,invalid_model_output,False,infeasible,9032,0,D,model,171,,False,0,pilot-33
4,4,invalid_model_output,False,infeasible,9032,0,D,oracle,171,,False,0,pilot-33
0,4,invalid_model_output,False,infeasible,9032,0,E,model,171,,False,0,pilot-33
0,4,invalid_model_output,False,infeasible,9032,0,E,oracle,171,,False,0,pilot-33
1,4,invalid_model_output,False,infeasible,9032,0,E,model,171,,False,0,pilot-33
1,4,invalid_model_output,False,infeasible,9032,0,E,oracle,171,,False,0,pilot-33
2,4,invalid_model_output,False,infeasible,9032,0,E,model,171,,False,0,pilot-33
2,4,invalid_model_output,False,infeasible,9032,0,E,oracle,171,,False,0,pilot-33
4,4,invalid_model_output,False,infeasible,9032,0,E,model,171,,False,0,pilot-33
4,4,invalid_model_output,False,infeasible,9032,0,E,oracle,171,,False,0,pilot-33
0,1,invalid_model_output,False,infeasible,2258,0,A,model,45,,False,,pilot-33
0,4,incorrect_plan,False,transfers,8996,0,D,model,515,090d964b9fb94a3803e6,True,4,pilot-34
0,4,incorrect_plan,False,transfers,8996,0,D,oracle,515,090d964b9fb94a3803e6,True,4,pilot-34
1,5,incorrect_plan,False,transfers,9543,1,D,model,577,090d964b9fb94a3803e6,True,2,pilot-34
1,4,incorrect_plan,False,transfers,8996,1,D,oracle,515,090d964b9fb94a3803e6,True,2,pilot-34
2,6,incorrect_plan,False,transfers,10090,2,D,model,638,090d964b9fb94a3803e6,True,1,pilot-34
2,4,correct_feasible_plan,True,transfers,8996,2,D,oracle,515,07a6773b6185c97c2900,True,1,pilot-34
4,6,incorrect_plan,False,transfers,10090,2,D,model,638,090d964b9fb94a3803e6,True,1,pilot-34
4,4,correct_feasible_plan,True,transfers,8996,2,D,oracle,515,07a6773b6185c97c2900,True,1,pilot-34
0,4,incorrect_plan,False,transfers,8996,0,E,model,515,090d964b9fb94a3803e6,True,4,pilot-34
0,4,incorrect_plan,False,transfers,8996,0,E,oracle,515,090d964b9fb94a3803e6,True,4,pilot-34
1,5,incorrect_plan,False,transfers,9543,1,E,model,577,090d964b9fb94a3803e6,True,2,pilot-34
1,4,incorrect_plan,False,transfers,8996,1,E,oracle,515,090d964b9fb94a3803e6,True,2,pilot-34
2,6,incorrect_plan,False,transfers,10090,2,E,model,638,090d964b9fb94a3803e6,True,1,pilot-34
2,4,correct_feasible_plan,True,transfers,8996,2,E,oracle,515,07a6773b6185c97c2900,True,1,pilot-34
4,6,incorrect_plan,False,transfers,10090,2,E,model,638,090d964b9fb94a3803e6,True,1,pilot-34
4,4,correct_feasible_plan,True,transfers,8996,2,E,oracle,515,07a6773b6185c97c2900,True,1,pilot-34
0,1,incorrect_plan,False,transfers,2249,0,A,model,122,090d964b9fb94a3803e6,True,,pilot-34
0,4,incorrect_plan,False,scope,9500,0,D,model,496,0e85dcd1705addd255ea,True,1,pilot-35
0,4,incorrect_plan,False,scope,9500,0,D,oracle,496,0e85dcd1705addd255ea,True,1,pilot-35
1,4,incorrect_plan,False,scope,9500,0,D,model,496,0e85dcd1705addd255ea,True,1,pilot-35
1,4,incorrect_plan,False,scope,9500,0,D,oracle,496,0e85dcd1705addd255ea,True,1,pilot-35
2,4,incorrect_plan,False,scope,9500,0,D,model,496,0e85dcd1705addd255ea,True,1,pilot-35
2,4,incorrect_plan,False,scope,9500,0,D,oracle,496,0e85dcd1705addd255ea,True,1,pilot-35
4,4,incorrect_plan,False,scope,9500,0,D,model,496,0e85dcd1705addd255ea,True,1,pilot-35
4,4,incorrect_plan,False,scope,9500,0,D,oracle,496,0e85dcd1705addd255ea,True,1,pilot-35
0,4,incorrect_plan,False,scope,9500,0,E,model,496,0e85dcd1705addd255ea,True,1,pilot-35
0,4,incorrect_plan,False,scope,9500,0,E,oracle,496,0e85dcd1705addd255ea,True,1,pilot-35
1,4,incorrect_plan,False,scope,9500,0,E,model,496,0e85dcd1705addd255ea,True,1,pilot-35
1,4,incorrect_plan,False,scope,9500,0,E,oracle,496,0e85dcd1705addd255ea,True,1,pilot-35
2,4,incorrect_plan,False,scope,9500,0,E,model,496,0e85dcd1705addd255ea,True,1,pilot-35
2,4,incorrect_plan,False,scope,9500,0,E,oracle,496,0e85dcd1705addd255ea,True,1,pilot-35
4,4,incorrect_plan,False,scope,9500,0,E,model,496,0e85dcd1705addd255ea,True,1,pilot-35
4,4,incorrect_plan,False,scope,9500,0,E,oracle,496,0e85dcd1705addd255ea,True,1,pilot-35
0,1,incorrect_plan,False,scope,2375,0,A,model,121,0e85dcd1705addd255ea,True,,pilot-35
0,4,correct_feasible_plan,True,timing,9040,0,D,model,532,410d090731a809d0d7d1,True,2,pilot-36
0,4,correct_feasible_plan,True,timing,9040,0,D,oracle,532,410d090731a809d0d7d1,True,2,pilot-36
1,5,correct_feasible_plan,True,timing,9602,1,D,model,625,410d090731a809d0d7d1,True,1,pilot-36
1,4,correct_feasible_plan,True,timing,9040,1,D,oracle,532,410d090731a809d0d7d1,True,1,pilot-36
2,5,correct_feasible_plan,True,timing,9602,1,D,model,625,410d090731a809d0d7d1,True,1,pilot-36
2,4,correct_feasible_plan,True,timing,9040,1,D,oracle,532,410d090731a809d0d7d1,True,1,pilot-36
4,5,correct_feasible_plan,True,timing,9602,1,D,model,625,410d090731a809d0d7d1,True,1,pilot-36
4,4,correct_feasible_plan,True,timing,9040,1,D,oracle,532,410d090731a809d0d7d1,True,1,pilot-36
0,4,correct_feasible_plan,True,timing,9040,0,E,model,532,410d090731a809d0d7d1,True,2,pilot-36
0,4,correct_feasible_plan,True,timing,9040,0,E,oracle,532,410d090731a809d0d7d1,True,2,pilot-36
1,5,correct_feasible_plan,True,timing,9602,1,E,model,625,410d090731a809d0d7d1,True,1,pilot-36
1,4,correct_feasible_plan,True,timing,9040,1,E,oracle,532,410d090731a809d0d7d1,True,1,pilot-36
2,5,correct_feasible_plan,True,timing,9602,1,E,model,625,410d090731a809d0d7d1,True,1,pilot-36
2,4,correct_feasible_plan,True,timing,9040,1,E,oracle,532,410d090731a809d0d7d1,True,1,pilot-36
4,5,correct_feasible_plan,True,timing,9602,1,E,model,625,410d090731a809d0d7d1,True,1,pilot-36
4,4,correct_feasible_plan,True,timing,9040,1,E,oracle,532,410d090731a809d0d7d1,True,1,pilot-36
0,1,correct_feasible_plan,True,timing,2260,0,A,model,139,410d090731a809d0d7d1,True,,pilot-36
0,4,correct_feasible_plan,True,mode_exclusion,9044,0,D,model,686,4e0b535d27d1f3fa24fe,True,4,pilot-37
0,4,correct_feasible_plan,True,mode_exclusion,9044,0,D,oracle,686,4e0b535d27d1f3fa24fe,True,4,pilot-37
1,5,correct_feasible_plan,True,mode_exclusion,9600,1,D,model,807,4e0b535d27d1f3fa24fe,True,2,pilot-37
1,4,correct_feasible_plan,True,mode_exclusion,9044,1,D,oracle,686,4e0b535d27d1f3fa24fe,True,2,pilot-37
2,6,correct_feasible_plan,True,mode_exclusion,10159,2,D,model,867,4e0b535d27d1f3fa24fe,True,1,pilot-37
2,4,correct_feasible_plan,True,mode_exclusion,9044,2,D,oracle,686,4e0b535d27d1f3fa24fe,True,1,pilot-37
4,6,correct_feasible_plan,True,mode_exclusion,10159,2,D,model,867,4e0b535d27d1f3fa24fe,True,1,pilot-37
4,4,correct_feasible_plan,True,mode_exclusion,9044,2,D,oracle,686,4e0b535d27d1f3fa24fe,True,1,pilot-37
0,4,correct_feasible_plan,True,mode_exclusion,9044,0,E,model,686,4e0b535d27d1f3fa24fe,True,4,pilot-37
0,4,correct_feasible_plan,True,mode_exclusion,9044,0,E,oracle,686,4e0b535d27d1f3fa24fe,True,4,pilot-37
1,5,correct_feasible_plan,True,mode_exclusion,9604,1,E,model,787,4a89a06ba5058ef4ccea,True,1,pilot-37
1,4,correct_feasible_plan,True,mode_exclusion,9044,1,E,oracle,686,4e0b535d27d1f3fa24fe,True,3,pilot-37
2,5,correct_feasible_plan,True,mode_exclusion,9604,1,E,model,787,4a89a06ba5058ef4ccea,True,1,pilot-37
2,4,correct_feasible_plan,True,mode_exclusion,9044,2,E,oracle,686,4e0b535d27d1f3fa24fe,True,2,pilot-37
4,5,correct_feasible_plan,True,mode_exclusion,9604,1,E,model,787,4a89a06ba5058ef4ccea,True,1,pilot-37
4,4,correct_feasible_plan,True,mode_exclusion,9044,3,E,oracle,686,4e0b535d27d1f3fa24fe,True,1,pilot-37
0,1,correct_feasible_plan,True,mode_exclusion,2261,0,A,model,167,4e0b535d27d1f3fa24fe,True,,pilot-37
0,4,correct_feasible_plan,True,ordered_visits,9060,0,D,model,833,23907dde75ed497713e9,True,2,pilot-38
0,4,correct_feasible_plan,True,ordered_visits,9060,0,D,oracle,833,23907dde75ed497713e9,True,2,pilot-38
1,5,correct_feasible_plan,True,ordered_visits,9641,1,D,model,888,23907dde75ed497713e9,True,1,pilot-38
1,4,correct_feasible_plan,True,ordered_visits,9060,1,D,oracle,833,23907dde75ed497713e9,True,1,pilot-38
2,5,correct_feasible_plan,True,ordered_visits,9641,1,D,model,888,23907dde75ed497713e9,True,1,pilot-38
2,4,correct_feasible_plan,True,ordered_visits,9060,1,D,oracle,833,23907dde75ed497713e9,True,1,pilot-38
4,5,correct_feasible_plan,True,ordered_visits,9641,1,D,model,888,23907dde75ed497713e9,True,1,pilot-38
4,4,correct_feasible_plan,True,ordered_visits,9060,1,D,oracle,833,23907dde75ed497713e9,True,1,pilot-38
0,4,correct_feasible_plan,True,ordered_visits,9060,0,E,model,833,23907dde75ed497713e9,True,2,pilot-38
0,4,correct_feasible_plan,True,ordered_visits,9060,0,E,oracle,833,23907dde75ed497713e9,True,2,pilot-38
1,5,correct_feasible_plan,True,ordered_visits,9641,1,E,model,888,23907dde75ed497713e9,True,1,pilot-38
1,4,correct_feasible_plan,True,ordered_visits,9060,1,E,oracle,833,23907dde75ed497713e9,True,1,pilot-38
2,5,correct_feasible_plan,True,ordered_visits,9641,1,E,model,888,23907dde75ed497713e9,True,1,pilot-38
2,4,correct_feasible_plan,True,ordered_visits,9060,1,E,oracle,833,23907dde75ed497713e9,True,1,pilot-38
4,5,correct_feasible_plan,True,ordered_visits,9641,1,E,model,888,23907dde75ed497713e9,True,1,pilot-38
4,4,correct_feasible_plan,True,ordered_visits,9060,1,E,oracle,833,23907dde75ed497713e9,True,1,pilot-38
0,1,correct_feasible_plan,True,ordered_visits,2265,0,A,model,244,23907dde75ed497713e9,True,,pilot-38
0,4,correct_feasible_plan,True,transfers,8996,0,D,model,540,10ca5f2b2301e3f62b1a,True,1,pilot-39
0,4,correct_feasible_plan,True,transfers,8996,0,D,oracle,540,10ca5f2b2301e3f62b1a,True,1,pilot-39
1,4,correct_feasible_plan,True,transfers,8996,0,D,model,540,10ca5f2b2301e3f62b1a,True,1,pilot-39
1,4,correct_feasible_plan,True,transfers,8996,0,D,oracle,540,10ca5f2b2301e3f62b1a,True,1,pilot-39
2,4,correct_feasible_plan,True,transfers,8996,0,D,model,540,10ca5f2b2301e3f62b1a,True,1,pilot-39
2,4,correct_feasible_plan,True,transfers,8996,0,D,oracle,540,10ca5f2b2301e3f62b1a,True,1,pilot-39
4,4,correct_feasible_plan,True,transfers,8996,0,D,model,540,10ca5f2b2301e3f62b1a,True,1,pilot-39
4,4,correct_feasible_plan,True,transfers,8996,0,D,oracle,540,10ca5f2b2301e3f62b1a,True,1,pilot-39
0,4,correct_feasible_plan,True,transfers,8996,0,E,model,540,10ca5f2b2301e3f62b1a,True,1,pilot-39
0,4,correct_feasible_plan,True,transfers,8996,0,E,oracle,540,10ca5f2b2301e3f62b1a,True,1,pilot-39
1,4,correct_feasible_plan,True,transfers,8996,0,E,model,540,10ca5f2b2301e3f62b1a,True,1,pilot-39
1,4,correct_feasible_plan,True,transfers,8996,0,E,oracle,540,10ca5f2b2301e3f62b1a,True,1,pilot-39
2,4,correct_feasible_plan,True,transfers,8996,0,E,model,540,10ca5f2b2301e3f62b1a,True,1,pilot-39
2,4,correct_feasible_plan,True,transfers,8996,0,E,oracle,540,10ca5f2b2301e3f62b1a,True,1,pilot-39
4,4,correct_feasible_plan,True,transfers,8996,0,E,model,540,10ca5f2b2301e3f62b1a,True,1,pilot-39
4,4,correct_feasible_plan,True,transfers,8996,0,E,oracle,540,10ca5f2b2301e3f62b1a,True,1,pilot-39
0,1,correct_feasible_plan,True,transfers,2249,0,A,model,135,10ca5f2b2301e3f62b1a,True,,pilot-39
0,4,false_infeasibility,False,scope,9476,0,D,model,665,,True,2,pilot-40
0,4,false_infeasibility,False,scope,9476,0,D,oracle,665,,True,2,pilot-40
1,5,false_infeasibility,False,scope,10303,1,D,model,752,,True,1,pilot-40
1,4,correct_feasible_plan,True,scope,9476,1,D,oracle,665,2e9a70b24d38013ed435,True,1,pilot-40
2,5,false_infeasibility,False,scope,10303,1,D,model,752,,True,1,pilot-40
2,4,correct_feasible_plan,True,scope,9476,1,D,oracle,665,2e9a70b24d38013ed435,True,1,pilot-40
4,5,false_infeasibility,False,scope,10303,1,D,model,752,,True,1,pilot-40
4,4,correct_feasible_plan,True,scope,9476,1,D,oracle,665,2e9a70b24d38013ed435,True,1,pilot-40
0,4,false_infeasibility,False,scope,9476,0,E,model,665,,True,2,pilot-40
0,4,false_infeasibility,False,scope,9476,0,E,oracle,665,,True,2,pilot-40
1,5,false_infeasibility,False,scope,10303,1,E,model,752,,True,1,pilot-40
1,4,correct_feasible_plan,True,scope,9476,1,E,oracle,665,2e9a70b24d38013ed435,True,1,pilot-40
2,5,false_infeasibility,False,scope,10303,1,E,model,752,,True,1,pilot-40
2,4,correct_feasible_plan,True,scope,9476,1,E,oracle,665,2e9a70b24d38013ed435,True,1,pilot-40
4,5,false_infeasibility,False,scope,10303,1,E,model,752,,True,1,pilot-40
4,4,correct_feasible_plan,True,scope,9476,1,E,oracle,665,2e9a70b24d38013ed435,True,1,pilot-40
0,1,false_infeasibility,False,scope,2369,0,A,model,166,,True,,pilot-40
0,4,invalid_model_output,False,infeasible,9048,0,D,model,189,,False,0,pilot-41
0,4,invalid_model_output,False,infeasible,9048,0,D,oracle,189,,False,0,pilot-41
1,4,invalid_model_output,False,infeasible,9048,0,D,model,189,,False,0,pilot-41
1,4,invalid_model_output,False,infeasible,9048,0,D,oracle,189,,False,0,pilot-41
2,4,invalid_model_output,False,infeasible,9048,0,D,model,189,,False,0,pilot-41
2,4,invalid_model_output,False,infeasible,9048,0,D,oracle,189,,False,0,pilot-41
4,4,invalid_model_output,False,infeasible,9048,0,D,model,189,,False,0,pilot-41
4,4,invalid_model_output,False,infeasible,9048,0,D,oracle,189,,False,0,pilot-41
0,4,invalid_model_output,False,infeasible,9048,0,E,model,189,,False,0,pilot-41
0,4,invalid_model_output,False,infeasible,9048,0,E,oracle,189,,False,0,pilot-41
1,4,invalid_model_output,False,infeasible,9048,0,E,model,189,,False,0,pilot-41
1,4,invalid_model_output,False,infeasible,9048,0,E,oracle,189,,False,0,pilot-41
2,4,invalid_model_output,False,infeasible,9048,0,E,model,189,,False,0,pilot-41
2,4,invalid_model_output,False,infeasible,9048,0,E,oracle,189,,False,0,pilot-41
4,4,invalid_model_output,False,infeasible,9048,0,E,model,189,,False,0,pilot-41
4,4,invalid_model_output,False,infeasible,9048,0,E,oracle,189,,False,0,pilot-41
0,1,invalid_model_output,False,infeasible,2262,0,A,model,37,,False,,pilot-41
0,4,correct_feasible_plan,True,mode_exclusion,9048,0,D,model,704,056694a7849798a5ed53,True,2,pilot-42
0,4,correct_feasible_plan,True,mode_exclusion,9048,0,D,oracle,704,056694a7849798a5ed53,True,2,pilot-42
1,5,correct_feasible_plan,True,mode_exclusion,9650,1,D,model,790,056694a7849798a5ed53,True,1,pilot-42
1,4,correct_feasible_plan,True,mode_exclusion,9048,1,D,oracle,704,056694a7849798a5ed53,True,1,pilot-42
2,5,correct_feasible_plan,True,mode_exclusion,9650,1,D,model,790,056694a7849798a5ed53,True,1,pilot-42
2,4,correct_feasible_plan,True,mode_exclusion,9048,1,D,oracle,704,056694a7849798a5ed53,True,1,pilot-42
4,5,correct_feasible_plan,True,mode_exclusion,9650,1,D,model,790,056694a7849798a5ed53,True,1,pilot-42
4,4,correct_feasible_plan,True,mode_exclusion,9048,1,D,oracle,704,056694a7849798a5ed53,True,1,pilot-42
0,4,correct_feasible_plan,True,mode_exclusion,9048,0,E,model,704,056694a7849798a5ed53,True,2,pilot-42
0,4,correct_feasible_plan,True,mode_exclusion,9048,0,E,oracle,704,056694a7849798a5ed53,True,2,pilot-42
1,5,correct_feasible_plan,True,mode_exclusion,9650,1,E,model,790,056694a7849798a5ed53,True,1,pilot-42
1,4,correct_feasible_plan,True,mode_exclusion,9048,1,E,oracle,704,056694a7849798a5ed53,True,1,pilot-42
2,5,correct_feasible_plan,True,mode_exclusion,9650,1,E,model,790,056694a7849798a5ed53,True,1,pilot-42
2,4,correct_feasible_plan,True,mode_exclusion,9048,1,E,oracle,704,056694a7849798a5ed53,True,1,pilot-42
4,5,correct_feasible_plan,True,mode_exclusion,9650,1,E,model,790,056694a7849798a5ed53,True,1,pilot-42
4,4,correct_feasible_plan,True,mode_exclusion,9048,1,E,oracle,704,056694a7849798a5ed53,True,1,pilot-42
0,1,correct_feasible_plan,True,mode_exclusion,2262,0,A,model,185,056694a7849798a5ed53,True,,pilot-42
0,4,correct_feasible_plan,True,ordered_visits,9020,0,D,model,880,0ae35fdf87458ed5147e,True,1,pilot-43
0,4,correct_feasible_plan,True,ordered_visits,9020,0,D,oracle,880,0ae35fdf87458ed5147e,True,1,pilot-43
1,4,correct_feasible_plan,True,ordered_visits,9020,0,D,model,880,0ae35fdf87458ed5147e,True,1,pilot-43
1,4,correct_feasible_plan,True,ordered_visits,9020,0,D,oracle,880,0ae35fdf87458ed5147e,True,1,pilot-43
2,4,correct_feasible_plan,True,ordered_visits,9020,0,D,model,880,0ae35fdf87458ed5147e,True,1,pilot-43
2,4,correct_feasible_plan,True,ordered_visits,9020,0,D,oracle,880,0ae35fdf87458ed5147e,True,1,pilot-43
4,4,correct_feasible_plan,True,ordered_visits,9020,0,D,model,880,0ae35fdf87458ed5147e,True,1,pilot-43
4,4,correct_feasible_plan,True,ordered_visits,9020,0,D,oracle,880,0ae35fdf87458ed5147e,True,1,pilot-43
0,4,correct_feasible_plan,True,ordered_visits,9020,0,E,model,880,0ae35fdf87458ed5147e,True,1,pilot-43
0,4,correct_feasible_plan,True,ordered_visits,9020,0,E,oracle,880,0ae35fdf87458ed5147e,True,1,pilot-43
1,4,correct_feasible_plan,True,ordered_visits,9020,0,E,model,880,0ae35fdf87458ed5147e,True,1,pilot-43
1,4,correct_feasible_plan,True,ordered_visits,9020,0,E,oracle,880,0ae35fdf87458ed5147e,True,1,pilot-43
2,4,correct_feasible_plan,True,ordered_visits,9020,0,E,model,880,0ae35fdf87458ed5147e,True,1,pilot-43
2,4,correct_feasible_plan,True,ordered_visits,9020,0,E,oracle,880,0ae35fdf87458ed5147e,True,1,pilot-43
4,4,correct_feasible_plan,True,ordered_visits,9020,0,E,model,880,0ae35fdf87458ed5147e,True,1,pilot-43
4,4,correct_feasible_plan,True,ordered_visits,9020,0,E,oracle,880,0ae35fdf87458ed5147e,True,1,pilot-43
0,1,correct_feasible_plan,True,ordered_visits,2255,0,A,model,243,0ae35fdf87458ed5147e,True,,pilot-43
0,4,correct_feasible_plan,True,timing,9032,0,D,model,532,fe66fe1966b248b6f9a8,True,2,pilot-44
0,4,correct_feasible_plan,True,timing,9032,0,D,oracle,532,fe66fe1966b248b6f9a8,True,2,pilot-44
1,5,correct_feasible_plan,True,timing,9515,1,D,model,590,fe66fe1966b248b6f9a8,True,1,pilot-44
1,4,correct_feasible_plan,True,timing,9032,1,D,oracle,532,fe66fe1966b248b6f9a8,True,1,pilot-44
2,5,correct_feasible_plan,True,timing,9515,1,D,model,590,fe66fe1966b248b6f9a8,True,1,pilot-44
2,4,correct_feasible_plan,True,timing,9032,1,D,oracle,532,fe66fe1966b248b6f9a8,True,1,pilot-44
4,5,correct_feasible_plan,True,timing,9515,1,D,model,590,fe66fe1966b248b6f9a8,True,1,pilot-44
4,4,correct_feasible_plan,True,timing,9032,1,D,oracle,532,fe66fe1966b248b6f9a8,True,1,pilot-44
0,4,correct_feasible_plan,True,timing,9032,0,E,model,532,fe66fe1966b248b6f9a8,True,2,pilot-44
0,4,correct_feasible_plan,True,timing,9032,0,E,oracle,532,fe66fe1966b248b6f9a8,True,2,pilot-44
1,5,correct_feasible_plan,True,timing,9515,1,E,model,590,fe66fe1966b248b6f9a8,True,1,pilot-44
1,4,correct_feasible_plan,True,timing,9032,1,E,oracle,532,fe66fe1966b248b6f9a8,True,1,pilot-44
2,5,correct_feasible_plan,True,timing,9515,1,E,model,590,fe66fe1966b248b6f9a8,True,1,pilot-44
2,4,correct_feasible_plan,True,timing,9032,1,E,oracle,532,fe66fe1966b248b6f9a8,True,1,pilot-44
4,5,correct_feasible_plan,True,timing,9515,1,E,model,590,fe66fe1966b248b6f9a8,True,1,pilot-44
4,4,correct_feasible_plan,True,timing,9032,1,E,oracle,532,fe66fe1966b248b6f9a8,True,1,pilot-44
0,1,correct_feasible_plan,True,timing,2258,0,A,model,139,fe66fe1966b248b6f9a8,True,,pilot-44
0,4,correct_feasible_plan,True,scope,9504,0,D,model,496,038fd4fee03b0d834ab4,True,1,pilot-45
0,4,correct_feasible_plan,True,scope,9504,0,D,oracle,496,038fd4fee03b0d834ab4,True,1,pilot-45
1,4,correct_feasible_plan,True,scope,9504,0,D,model,496,038fd4fee03b0d834ab4,True,1,pilot-45
1,4,correct_feasible_plan,True,scope,9504,0,D,oracle,496,038fd4fee03b0d834ab4,True,1,pilot-45
2,4,correct_feasible_plan,True,scope,9504,0,D,model,496,038fd4fee03b0d834ab4,True,1,pilot-45
2,4,correct_feasible_plan,True,scope,9504,0,D,oracle,496,038fd4fee03b0d834ab4,True,1,pilot-45
4,4,correct_feasible_plan,True,scope,9504,0,D,model,496,038fd4fee03b0d834ab4,True,1,pilot-45
4,4,correct_feasible_plan,True,scope,9504,0,D,oracle,496,038fd4fee03b0d834ab4,True,1,pilot-45
0,4,correct_feasible_plan,True,scope,9504,0,E,model,496,038fd4fee03b0d834ab4,True,1,pilot-45
0,4,correct_feasible_plan,True,scope,9504,0,E,oracle,496,038fd4fee03b0d834ab4,True,1,pilot-45
1,4,correct_feasible_plan,True,scope,9504,0,E,model,496,038fd4fee03b0d834ab4,True,1,pilot-45
1,4,correct_feasible_plan,True,scope,9504,0,E,oracle,496,038fd4fee03b0d834ab4,True,1,pilot-45
2,4,correct_feasible_plan,True,scope,9504,0,E,model,496,038fd4fee03b0d834ab4,True,1,pilot-45
2,4,correct_feasible_plan,True,scope,9504,0,E,oracle,496,038fd4fee03b0d834ab4,True,1,pilot-45
4,4,correct_feasible_plan,True,scope,9504,0,E,model,496,038fd4fee03b0d834ab4,True,1,pilot-45
4,4,correct_feasible_plan,True,scope,9504,0,E,oracle,496,038fd4fee03b0d834ab4,True,1,pilot-45
0,1,correct_feasible_plan,True,scope,2376,0,A,model,121,038fd4fee03b0d834ab4,True,,pilot-45
0,4,correct_infeasibility,True,infeasible,8936,0,D,model,604,,False,1,pilot-46
0,4,correct_infeasibility,True,infeasible,8936,0,D,oracle,604,,False,1,pilot-46
1,4,correct_infeasibility,True,infeasible,8936,0,D,model,604,,False,1,pilot-46
1,4,correct_infeasibility,True,infeasible,8936,0,D,oracle,604,,False,1,pilot-46
2,4,correct_infeasibility,True,infeasible,8936,0,D,model,604,,False,1,pilot-46
2,4,correct_infeasibility,True,infeasible,8936,0,D,oracle,604,,False,1,pilot-46
4,4,correct_infeasibility,True,infeasible,8936,0,D,model,604,,False,1,pilot-46
4,4,correct_infeasibility,True,infeasible,8936,0,D,oracle,604,,False,1,pilot-46
0,4,correct_infeasibility,True,infeasible,8936,0,E,model,604,,False,1,pilot-46
0,4,correct_infeasibility,True,infeasible,8936,0,E,oracle,604,,False,1,pilot-46
1,4,correct_infeasibility,True,infeasible,8936,0,E,model,604,,False,1,pilot-46
1,4,correct_infeasibility,True,infeasible,8936,0,E,oracle,604,,False,1,pilot-46
2,4,correct_infeasibility,True,infeasible,8936,0,E,model,604,,False,1,pilot-46
2,4,correct_infeasibility,True,infeasible,8936,0,E,oracle,604,,False,1,pilot-46
4,4,correct_infeasibility,True,infeasible,8936,0,E,model,604,,False,1,pilot-46
4,4,correct_infeasibility,True,infeasible,8936,0,E,oracle,604,,False,1,pilot-46
0,1,correct_infeasibility,True,infeasible,2234,0,A,model,134,,False,,pilot-46
0,4,correct_feasible_plan,True,transfers,8984,0,D,model,516,f7eccaa8180760187d13,True,2,pilot-47
0,4,correct_feasible_plan,True,transfers,8984,0,D,oracle,516,f7eccaa8180760187d13,True,2,pilot-47
1,5,correct_feasible_plan,True,transfers,9529,1,D,model,577,3308798f8236675e079f,True,1,pilot-47
1,4,correct_feasible_plan,True,transfers,8984,1,D,oracle,516,3308798f8236675e079f,True,1,pilot-47
2,5,correct_feasible_plan,True,transfers,9529,1,D,model,577,3308798f8236675e079f,True,1,pilot-47
2,4,correct_feasible_plan,True,transfers,8984,1,D,oracle,516,3308798f8236675e079f,True,1,pilot-47
4,5,correct_feasible_plan,True,transfers,9529,1,D,model,577,3308798f8236675e079f,True,1,pilot-47
4,4,correct_feasible_plan,True,transfers,8984,1,D,oracle,516,3308798f8236675e079f,True,1,pilot-47
0,4,correct_feasible_plan,True,transfers,8984,0,E,model,516,f7eccaa8180760187d13,True,2,pilot-47
0,4,correct_feasible_plan,True,transfers,8984,0,E,oracle,516,f7eccaa8180760187d13,True,2,pilot-47
1,5,correct_feasible_plan,True,transfers,9529,1,E,model,577,3308798f8236675e079f,True,1,pilot-47
1,4,correct_feasible_plan,True,transfers,8984,1,E,oracle,516,3308798f8236675e079f,True,1,pilot-47
2,5,correct_feasible_plan,True,transfers,9529,1,E,model,577,3308798f8236675e079f,True,1,pilot-47
2,4,correct_feasible_plan,True,transfers,8984,1,E,oracle,516,3308798f8236675e079f,True,1,pilot-47
4,5,correct_feasible_plan,True,transfers,9529,1,E,model,577,3308798f8236675e079f,True,1,pilot-47
4,4,correct_feasible_plan,True,transfers,8984,1,E,oracle,516,3308798f8236675e079f,True,1,pilot-47
0,1,correct_feasible_plan,True,transfers,2246,0,A,model,123,f7eccaa8180760187d13,True,,pilot-47
