scenario_id,request,reference,review_status,reviewer,uncertain,correction
pilot-00,"On 2026-09-14, plan the outbound journey from NW 5th & Davis [stop_id=9301] to SW 5th & Columbia [stop_id=7594]. Depart no earlier than 08:25:17 and arrive by 09:30:25, both inclusive.","{""and"":[{""direction"":""outbound"",""requirement"":""earliest_departure"",""target"":30317},{""direction"":""outbound"",""requirement"":""latest_arrival"",""target"":34225}]}",provisional_not_human_audited,,,
pilot-01,"On 2026-09-14, plan the outbound journey from Rose Quarter Transit Center [stop_id=1097] to N Williams & NE Tillamook [stop_id=6370]. Do not use rail or tram. Depart no later than 09:08:00, inclusive. Make at most 0 transfers.","{""and"":[{""direction"":""outbound"",""requirement"":""forbidden_modes"",""target"":[""rail"",""tram""]},{""direction"":""outbound"",""requirement"":""latest_departure"",""target"":32880},{""direction"":""outbound"",""requirement"":""transfer_limit"",""target"":0}]}",provisional_not_human_audited,,,
pilot-02,"On 2026-09-14, plan the outbound journey from South Waterfront/S Moody [stop_id=13733] to NW Everett & 5th [stop_id=8886]. Call at stop 3398 and then stop 13780, in that order; remaining aboard counts. Use only buses.","{""and"":[{""direction"":""outbound"",""requirement"":""ordered_calls"",""target"":[""3398"",""13780""]},{""direction"":""outbound"",""requirement"":""allowed_modes"",""target"":[""bus""]}]}",provisional_not_human_audited,,,
pilot-03,"On 2026-09-14, plan the outbound journey from SW 5th & Salmon [stop_id=7634] to 300 Block SW Lincoln [stop_id=3397]. Make at most 0 transfers. Do not depart before 08:18:00.","{""and"":[{""direction"":""outbound"",""requirement"":""transfer_limit"",""target"":0},{""direction"":""outbound"",""requirement"":""earliest_departure"",""target"":29880}]}",provisional_not_human_audited,,,
pilot-04,"On 2026-09-14, plan the outbound journey from NW Everett & 2nd [stop_id=1612] to N Williams & NE Broadway [stop_id=6357]. Also plan a return segment from N Vancouver & Weidler [stop_id=6009] to NW 5th & Davis [stop_id=9301] within 09:00:00–10:00:00. I handle movement between the outbound destination and return origin myself outside these journeys. On the return segment only, make at most 1 transfers. On the return segment only, depart no earlier than 09:26:54.","{""and"":[{""direction"":""return"",""requirement"":""transfer_limit"",""target"":1},{""direction"":""return"",""requirement"":""earliest_departure"",""target"":34014}]}",provisional_not_human_audited,,,
pilot-05,"On 2026-09-14, plan the outbound journey from SW Hall & 5th [stop_id=13780] to SW 6th & W Burnside [stop_id=7751]. Depart no earlier than 08:30:00 and arrive by 08:00:00, both inclusive.","{""and"":[{""direction"":""outbound"",""requirement"":""earliest_departure"",""target"":30600},{""direction"":""outbound"",""requirement"":""latest_arrival"",""target"":28800}]}",provisional_not_human_audited,,,
pilot-06,"On 2026-09-14, plan the outbound journey from SW 5th & Washington [stop_id=7642] to South Waterfront/S Moody [stop_id=13732]. Do not use rail or tram. Depart no later than 07:51:42, inclusive. Make at most 1 transfers.","{""and"":[{""direction"":""outbound"",""requirement"":""forbidden_modes"",""target"":[""rail"",""tram""]},{""direction"":""outbound"",""requirement"":""latest_departure"",""target"":28302},{""direction"":""outbound"",""requirement"":""transfer_limit"",""target"":1}]}",provisional_not_human_audited,,,
pilot-07,"On 2026-09-14, plan the outbound journey from Rose Quarter Transit Center [stop_id=2592] to SW 5th & Pine [stop_id=7631]. Call at stop 9311 and then stop 9301, in that order; remaining aboard counts. Use only buses.","{""and"":[{""direction"":""outbound"",""requirement"":""ordered_calls"",""target"":[""9311"",""9301""]},{""direction"":""outbound"",""requirement"":""allowed_modes"",""target"":[""bus""]}]}",provisional_not_human_audited,,,
pilot-08,"On 2026-09-14, plan the outbound journey from SE Powell & Milwaukie [stop_id=4538] to SW Lincoln & 1st [stop_id=3398]. Depart no earlier than 07:51:00 and arrive by 09:02:29, both inclusive.","{""and"":[{""direction"":""outbound"",""requirement"":""earliest_departure"",""target"":28260},{""direction"":""outbound"",""requirement"":""latest_arrival"",""target"":32549}]}",provisional_not_human_audited,,,
pilot-09,"On 2026-09-14, plan the outbound journey from SW 6th & Columbia [stop_id=11486] to NW 6th & Flanders [stop_id=9300]. Also plan a return segment from NW 5th & Davis [stop_id=9301] to SW 5th & Columbia [stop_id=7594] within 09:00:00–10:00:00. I handle movement between the outbound destination and return origin myself outside these journeys. On the outbound segment only, make at most 1 transfers. On the return segment only, depart no earlier than 09:39:47.","{""and"":[{""direction"":""outbound"",""requirement"":""transfer_limit"",""target"":1},{""direction"":""return"",""requirement"":""earliest_departure"",""target"":34787}]}",provisional_not_human_audited,,,
pilot-10,"On 2026-09-14, plan the outbound journey from N Vancouver & Page [stop_id=6001] to NW Glisan & 3rd [stop_id=9311]. Do not use buses.","{""and"":[{""direction"":""outbound"",""requirement"":""forbidden_modes"",""target"":[""bus""]}]}",provisional_not_human_audited,,,
pilot-11,"On 2026-09-14, plan the outbound journey from SW 5th & Harrison [stop_id=7602] to OMSI/SE Water [stop_id=13772]. Make at most 1 transfers. Do not depart before 07:16:08.","{""and"":[{""direction"":""outbound"",""requirement"":""transfer_limit"",""target"":1},{""direction"":""outbound"",""requirement"":""earliest_departure"",""target"":26168}]}",provisional_not_human_audited,,,
pilot-12,"On 2026-09-14, plan the outbound journey from OMSI/SE Water [stop_id=13773] to SW 6th & Harvey Milk [stop_id=7797]. Call at stop 13733 and then stop 3398, in that order; remaining aboard counts. Use only buses.","{""and"":[{""direction"":""outbound"",""requirement"":""ordered_calls"",""target"":[""13733"",""3398""]},{""direction"":""outbound"",""requirement"":""allowed_modes"",""target"":[""bus""]}]}",provisional_not_human_audited,,,
pilot-13,"On 2026-09-14, plan the outbound journey from SW 6th & Salmon [stop_id=7789] to N Williams & NE Weidler [stop_id=11480]. Depart no earlier than 08:12:00 and arrive by 09:09:26, both inclusive.","{""and"":[{""direction"":""outbound"",""requirement"":""earliest_departure"",""target"":29520},{""direction"":""outbound"",""requirement"":""latest_arrival"",""target"":32966}]}",provisional_not_human_audited,,,
pilot-14,"On 2026-09-14, plan the outbound journey from SE 7th & Tilikum Way [stop_id=13825] to SW 6th & Clay [stop_id=7756]. Do not use rail or tram. Depart no later than 07:28:14, inclusive. Make at most 1 transfers.","{""and"":[{""direction"":""outbound"",""requirement"":""forbidden_modes"",""target"":[""rail"",""tram""]},{""direction"":""outbound"",""requirement"":""latest_departure"",""target"":26894},{""direction"":""outbound"",""requirement"":""transfer_limit"",""target"":1}]}",provisional_not_human_audited,,,
pilot-15,"On 2026-09-14, plan the outbound journey from SE Division & 20th Ave [stop_id=14243] to SW 6th & Taylor [stop_id=7800]. Depart no earlier than 08:30:00 and arrive by 08:00:00, both inclusive.","{""and"":[{""direction"":""outbound"",""requirement"":""earliest_departure"",""target"":30600},{""direction"":""outbound"",""requirement"":""latest_arrival"",""target"":28800}]}",provisional_not_human_audited,,,
pilot-16,"On 2026-09-14, plan the outbound journey from SW 6th & Market [stop_id=7772] to SW 6th & Washington [stop_id=7803]. Make at most 0 transfers. Do not depart before 07:09:59.","{""and"":[{""direction"":""outbound"",""requirement"":""transfer_limit"",""target"":0},{""direction"":""outbound"",""requirement"":""earliest_departure"",""target"":25799}]}",provisional_not_human_audited,,,
pilot-17,"On 2026-09-14, plan the outbound journey from SW 6th & Mill [stop_id=7773] to SW 6th & Alder [stop_id=7747]. Also plan a return segment from SW 5th & Washington [stop_id=7642] to SW 5th & Harrison [stop_id=7602] within 09:00:00–10:00:00. I handle movement between the outbound destination and return origin myself outside these journeys. On the outbound segment only, make at most 0 transfers. On the return segment only, depart no earlier than 09:04:05.","{""and"":[{""direction"":""outbound"",""requirement"":""transfer_limit"",""target"":0},{""direction"":""return"",""requirement"":""earliest_departure"",""target"":32645}]}",provisional_not_human_audited,,,
pilot-18,"On 2026-09-14, plan the outbound journey from NW 5th & Hoyt [stop_id=9302] to SW 5th & Hall [stop_id=10491]. Depart no earlier than 07:36:00 and arrive by 09:08:31, both inclusive.","{""and"":[{""direction"":""outbound"",""requirement"":""earliest_departure"",""target"":27360},{""direction"":""outbound"",""requirement"":""latest_arrival"",""target"":32911}]}",provisional_not_human_audited,,,
pilot-19,"On 2026-09-14, plan the outbound journey from N Vancouver & Tillamook [stop_id=6008] to SE Milwaukie & Powell [stop_id=10472]. Do not use rail or tram. Depart no later than 07:56:26, inclusive. Make at most 1 transfers.","{""and"":[{""direction"":""outbound"",""requirement"":""forbidden_modes"",""target"":[""rail"",""tram""]},{""direction"":""outbound"",""requirement"":""latest_departure"",""target"":28586},{""direction"":""outbound"",""requirement"":""transfer_limit"",""target"":1}]}",provisional_not_human_audited,,,
pilot-20,"On 2026-09-14, plan the outbound journey from SW 5th & Harvey Milk [stop_id=7636] to SE Division Pl & 8th [stop_id=13778]. Call at stop 7640 and then stop 7594, in that order; remaining aboard counts. Use only buses.","{""and"":[{""direction"":""outbound"",""requirement"":""ordered_calls"",""target"":[""7640"",""7594""]},{""direction"":""outbound"",""requirement"":""allowed_modes"",""target"":[""bus""]}]}",provisional_not_human_audited,,,
pilot-21,"On 2026-09-14, plan the outbound journey from SE Division & 11th Ave [stop_id=14244] to NW Irving & 5th [stop_id=3007]. Make at most 1 transfers. Do not depart before 07:05:00.","{""and"":[{""direction"":""outbound"",""requirement"":""transfer_limit"",""target"":1},{""direction"":""outbound"",""requirement"":""earliest_departure"",""target"":25500}]}",provisional_not_human_audited,,,
pilot-22,"On 2026-09-14, plan the outbound journey from N Vancouver & Weidler [stop_id=6009] to SW Jefferson & 5th [stop_id=12791]. Also plan a return segment from SW Jefferson & 5th [stop_id=12791] to N Williams & NE Weidler [stop_id=11480] within 09:00:00–10:00:00. I handle movement between the outbound destination and return origin myself outside these journeys. On the return segment only, make at most 1 transfers. On the return segment only, depart no earlier than 09:25:00.","{""and"":[{""direction"":""return"",""requirement"":""transfer_limit"",""target"":1},{""direction"":""return"",""requirement"":""earliest_departure"",""target"":33900}]}",provisional_not_human_audited,,,
pilot-23,"On 2026-09-14, plan the outbound journey from SW 5th & Taylor [stop_id=7640] to SE Milwaukie & Gideon [stop_id=13791]. Depart no earlier than 08:30:00 and arrive by 08:00:00, both inclusive.","{""and"":[{""direction"":""outbound"",""requirement"":""earliest_departure"",""target"":30600},{""direction"":""outbound"",""requirement"":""latest_arrival"",""target"":28800}]}",provisional_not_human_audited,,,
pilot-24,"On 2026-09-14, plan the outbound journey from South Waterfront/S Moody [stop_id=13732] to SE Division & 20th Ave [stop_id=1435]. Do not use rail or tram. Depart no later than 07:12:38, inclusive. Make at most 1 transfers.","{""and"":[{""direction"":""outbound"",""requirement"":""forbidden_modes"",""target"":[""rail"",""tram""]},{""direction"":""outbound"",""requirement"":""latest_departure"",""target"":25958},{""direction"":""outbound"",""requirement"":""transfer_limit"",""target"":1}]}",provisional_not_human_audited,,,
pilot-25,"On 2026-09-14, plan the outbound journey from South Waterfront/S Moody [stop_id=13733] to SW 6th & Jefferson [stop_id=7765]. Call at stop 3398 and then stop 13780, in that order; remaining aboard counts. Use only buses.","{""and"":[{""direction"":""outbound"",""requirement"":""ordered_calls"",""target"":[""3398"",""13780""]},{""direction"":""outbound"",""requirement"":""allowed_modes"",""target"":[""bus""]}]}",provisional_not_human_audited,,,
pilot-26,"On 2026-09-14, plan the outbound journey from NE Broadway & 12th [stop_id=629] to NE Multnomah & 3rd [stop_id=11492]. Depart no earlier than 07:00:00 and arrive by 09:19:34, both inclusive.","{""and"":[{""direction"":""outbound"",""requirement"":""earliest_departure"",""target"":25200},{""direction"":""outbound"",""requirement"":""latest_arrival"",""target"":33574}]}",provisional_not_human_audited,,,
pilot-27,"On 2026-09-14, plan the outbound journey from SW 5th & Hall [stop_id=10491] to SE Division & 12th Ave [stop_id=1375]. Also plan a return segment from SE Division & 11th Ave [stop_id=14244] to SW Hall & 5th [stop_id=13780] within 09:00:00–10:00:00. I handle movement between the outbound destination and return origin myself outside these journeys. On the outbound segment only, make at most 1 transfers. On the return segment only, depart no earlier than 09:40:00.","{""and"":[{""direction"":""outbound"",""requirement"":""transfer_limit"",""target"":1},{""direction"":""return"",""requirement"":""earliest_departure"",""target"":34800}]}",provisional_not_human_audited,,,
pilot-28,"On 2026-09-14, plan the outbound journey from Rose Quarter Transit Center [stop_id=2592] to SW Madison & 4th [stop_id=3639]. Do not use buses.","{""and"":[{""direction"":""outbound"",""requirement"":""forbidden_modes"",""target"":[""bus""]}]}",provisional_not_human_audited,,,
pilot-29,"On 2026-09-14, plan the outbound journey from SW 6th & Main [stop_id=7767] to NE Grand & Wasco [stop_id=10953]. Make at most 0 transfers. Do not depart before 07:49:41.","{""and"":[{""direction"":""outbound"",""requirement"":""transfer_limit"",""target"":0},{""direction"":""outbound"",""requirement"":""earliest_departure"",""target"":28181}]}",provisional_not_human_audited,,,
pilot-30,"On 2026-09-14, plan the outbound journey from SW 5th & Columbia [stop_id=7594] to OMSI/SE Water [stop_id=13772]. Call at stop 7602 and then stop 3397, in that order; remaining aboard counts. Use only buses.","{""and"":[{""direction"":""outbound"",""requirement"":""ordered_calls"",""target"":[""7602"",""3397""]},{""direction"":""outbound"",""requirement"":""allowed_modes"",""target"":[""bus""]}]}",provisional_not_human_audited,,,
pilot-31,"On 2026-09-14, plan the outbound journey from NW Everett & 2nd [stop_id=1612] to N Williams & NE Tillamook [stop_id=6370]. Depart no earlier than 08:47:42 and arrive by 09:11:00, both inclusive.","{""and"":[{""direction"":""outbound"",""requirement"":""earliest_departure"",""target"":31662},{""direction"":""outbound"",""requirement"":""latest_arrival"",""target"":33060}]}",provisional_not_human_audited,,,
pilot-32,"On 2026-09-14, plan the outbound journey from Rose Quarter Transit Center [stop_id=11817] to NE Weidler & 15th [stop_id=10425]. Do not use rail or tram. Depart no later than 07:59:54, inclusive. Make at most 1 transfers.","{""and"":[{""direction"":""outbound"",""requirement"":""forbidden_modes"",""target"":[""rail"",""tram""]},{""direction"":""outbound"",""requirement"":""latest_departure"",""target"":28794},{""direction"":""outbound"",""requirement"":""transfer_limit"",""target"":1}]}",provisional_not_human_audited,,,
pilot-33,"On 2026-09-14, plan the outbound journey from SW 5th & Washington [stop_id=7642] to 300 Block SW Lincoln [stop_id=3397]. Depart no earlier than 08:30:00 and arrive by 08:00:00, both inclusive.","{""and"":[{""direction"":""outbound"",""requirement"":""earliest_departure"",""target"":30600},{""direction"":""outbound"",""requirement"":""latest_arrival"",""target"":28800}]}",provisional_not_human_audited,,,
pilot-34,"On 2026-09-14, plan the outbound journey from SW 6th & W Burnside [stop_id=7751] to Rose Quarter Transit Center [stop_id=1097]. Make at most 1 transfers. Do not depart before 08:42:07.","{""and"":[{""direction"":""outbound"",""requirement"":""transfer_limit"",""target"":1},{""direction"":""outbound"",""requirement"":""earliest_departure"",""target"":31327}]}",provisional_not_human_audited,,,
pilot-35,"On 2026-09-14, plan the outbound journey from NE M L King & Wasco [stop_id=5958] to SE Powell & 12th [stop_id=13792]. Also plan a return segment from SE Powell & Milwaukie [stop_id=4538] to NE Grand & Wasco [stop_id=10953] within 09:00:00–10:00:00. I handle movement between the outbound destination and return origin myself outside these journeys. On the outbound segment only, make at most 1 transfers. On the return segment only, depart no earlier than 09:16:00.","{""and"":[{""direction"":""outbound"",""requirement"":""transfer_limit"",""target"":1},{""direction"":""return"",""requirement"":""earliest_departure"",""target"":33360}]}",provisional_not_human_audited,,,
pilot-36,"On 2026-09-14, plan the outbound journey from SW Hall & 5th [stop_id=13780] to SW 6th & Harvey Milk [stop_id=7797]. Depart no earlier than 07:41:15 and arrive by 09:22:23, both inclusive.","{""and"":[{""direction"":""outbound"",""requirement"":""earliest_departure"",""target"":27675},{""direction"":""outbound"",""requirement"":""latest_arrival"",""target"":33743}]}",provisional_not_human_audited,,,
pilot-37,"On 2026-09-14, plan the outbound journey from NW Everett & 5th [stop_id=8886] to N Williams & NE Weidler [stop_id=11480]. Do not use rail or tram. Depart no later than 08:57:49, inclusive. Make at most 1 transfers.","{""and"":[{""direction"":""outbound"",""requirement"":""forbidden_modes"",""target"":[""rail"",""tram""]},{""direction"":""outbound"",""requirement"":""latest_departure"",""target"":32269},{""direction"":""outbound"",""requirement"":""transfer_limit"",""target"":1}]}",provisional_not_human_audited,,,
pilot-38,"On 2026-09-14, plan the outbound journey from NE Weidler & Lloyd Center [stop_id=6216] to 2200 Block NE Weidler [stop_id=14656]. Call at stop 10425 and then stop 6235, in that order; remaining aboard counts. Use only buses.","{""and"":[{""direction"":""outbound"",""requirement"":""ordered_calls"",""target"":[""10425"",""6235""]},{""direction"":""outbound"",""requirement"":""allowed_modes"",""target"":[""bus""]}]}",provisional_not_human_audited,,,
pilot-39,"On 2026-09-14, plan the outbound journey from SW Lincoln & 1st [stop_id=3398] to SW 6th & Taylor [stop_id=7800]. Make at most 0 transfers. Do not depart before 08:15:22.","{""and"":[{""direction"":""outbound"",""requirement"":""transfer_limit"",""target"":0},{""direction"":""outbound"",""requirement"":""earliest_departure"",""target"":29722}]}",provisional_not_human_audited,,,
pilot-40,"On 2026-09-14, plan the outbound journey from NW 5th & Davis [stop_id=9301] to SW 5th & Salmon [stop_id=7634]. Also plan a return segment from SW 6th & Salmon [stop_id=7789] to NW Everett & 5th [stop_id=8886] within 09:00:00–10:00:00. I handle movement between the outbound destination and return origin myself outside these journeys. On the return segment only, make at most 1 transfers. On the return segment only, depart no earlier than 09:12:00.","{""and"":[{""direction"":""return"",""requirement"":""transfer_limit"",""target"":1},{""direction"":""return"",""requirement"":""earliest_departure"",""target"":33120}]}",provisional_not_human_audited,,,
pilot-41,"On 2026-09-14, plan the outbound journey from NE Weidler & 7th [stop_id=6240] to NE Weidler & 21st [stop_id=6235]. Depart no earlier than 08:30:00 and arrive by 08:00:00, both inclusive.","{""and"":[{""direction"":""outbound"",""requirement"":""earliest_departure"",""target"":30600},{""direction"":""outbound"",""requirement"":""latest_arrival"",""target"":28800}]}",provisional_not_human_audited,,,
pilot-42,"On 2026-09-14, plan the outbound journey from OMSI/SE Water [stop_id=13773] to SW 6th & Columbia [stop_id=11486]. Do not use rail or tram. Depart no later than 07:29:27, inclusive. Make at most 1 transfers.","{""and"":[{""direction"":""outbound"",""requirement"":""forbidden_modes"",""target"":[""rail"",""tram""]},{""direction"":""outbound"",""requirement"":""latest_departure"",""target"":26967},{""direction"":""outbound"",""requirement"":""transfer_limit"",""target"":1}]}",provisional_not_human_audited,,,
pilot-43,"On 2026-09-14, plan the outbound journey from N Vancouver & Page [stop_id=6001] to SW 5th & Pine [stop_id=7631]. Call at stop 6008 and then stop 6009, in that order; remaining aboard counts. Use only buses.","{""and"":[{""direction"":""outbound"",""requirement"":""ordered_calls"",""target"":[""6008"",""6009""]},{""direction"":""outbound"",""requirement"":""allowed_modes"",""target"":[""bus""]}]}",provisional_not_human_audited,,,
pilot-44,"On 2026-09-14, plan the outbound journey from NE Broadway & 16th [stop_id=631] to NE M L King & Weidler [stop_id=5960]. Depart no earlier than 08:13:27 and arrive by 09:18:03, both inclusive.","{""and"":[{""direction"":""outbound"",""requirement"":""earliest_departure"",""target"":29607},{""direction"":""outbound"",""requirement"":""latest_arrival"",""target"":33483}]}",provisional_not_human_audited,,,
pilot-45,"On 2026-09-14, plan the outbound journey from SE Division & 20th Ave [stop_id=14243] to NW 6th & Flanders [stop_id=9300]. Also plan a return segment from NW 5th & Davis [stop_id=9301] to SE Division & 20th Ave [stop_id=1435] within 09:00:00–10:00:00. I handle movement between the outbound destination and return origin myself outside these journeys. On the outbound segment only, make at most 1 transfers. On the return segment only, depart no earlier than 09:03:06.","{""and"":[{""direction"":""outbound"",""requirement"":""transfer_limit"",""target"":1},{""direction"":""return"",""requirement"":""earliest_departure"",""target"":32586}]}",provisional_not_human_audited,,,
pilot-46,"On 2026-09-14, plan the outbound journey from N Vancouver & Tillamook [stop_id=6008] to NW Glisan & 3rd [stop_id=9311]. Do not use buses.","{""and"":[{""direction"":""outbound"",""requirement"":""forbidden_modes"",""target"":[""bus""]}]}",provisional_not_human_audited,,,
pilot-47,"On 2026-09-14, plan the outbound journey from NE Broadway & 21st [stop_id=634] to NE Broadway & 7th [stop_id=655]. Make at most 1 transfers. Do not depart before 08:11:19.","{""and"":[{""direction"":""outbound"",""requirement"":""transfer_limit"",""target"":1},{""direction"":""outbound"",""requirement"":""earliest_departure"",""target"":29479}]}",provisional_not_human_audited,,,
